block_id,txin_id,out_block_id
171,172,10
182,184,171
183,186,182
184,188,183
222,228,183
188,193,184
249,256,184
476,485,188
476,486,249
602,622,269
493,504,287
569,588,298
754,783,326
476,484,329
602,627,360
1274,1333,363
1153,1205,395
602,624,408
602,625,411
602,626,419
1274,1336,430
1053,1086,434
1053,1087,446
1104,1147,462
1053,1091,474
1053,1090,490
534,546,493
2608,2751,497
602,623,505
2608,2749,507
1153,1203,513
1053,1092,521
1104,1150,530
535,548,534
535,549,534
535,550,535
535,551,535
535,552,535
535,553,535
676,702,540
676,703,551
754,782,552
1153,1204,567
1104,1149,569
1546,1618,576
1053,1088,597
912,942,615
1053,1089,648
2608,2748,668
2608,2735,693
1104,1151,704
1104,1148,711
1182,1240,724
2608,2753,728
1274,1342,736
171,172,10
182,184,171
183,186,182
184,188,183
222,228,183
188,193,184
249,256,184
476,485,188
476,486,249
602,622,269
493,504,287
569,588,298
754,783,326
476,484,329
602,627,360
1274,1333,363
1153,1205,395
602,624,408
602,625,411
602,626,419
1274,1336,430
1053,1086,434
1053,1087,446
1104,1147,462
1053,1091,474
1053,1090,490
534,546,493
2608,2751,497
602,623,505
2608,2749,507
1153,1203,513
1053,1092,521
1104,1150,530
535,548,534
535,549,534
535,550,535
535,551,535
535,552,535
535,553,535
676,702,540
676,703,551
754,782,552
1153,1204,567
1104,1149,569
1546,1618,576
1053,1088,597
912,942,615
1053,1089,648
2608,2748,668
2608,2735,693
1104,1151,704
1104,1148,711
1182,1240,724
2608,2753,728
1274,1342,736
1914,2021,1359
1914,2019,1365
1914,2020,1366
1914,2018,1367
1914,2017,1368
1914,2015,1380
1737,1825,1386
2608,2736,1404
2608,2734,1442
1914,2005,1498
1914,2008,1561
1914,2009,1564
1914,2006,1571
2608,2750,1578
2608,2741,1598
1936,2047,1628
3297,3480,1643
3297,3484,1647
1914,2007,1659
1914,2010,1685
1914,2013,1702
1914,2014,1713
1936,2046,1737
1914,2022,1740
1914,2012,1772
1936,2045,1775
2253,2371,1805
3295,3473,1840
1914,2011,1874
2253,2370,1887
3295,3463,1907
3297,3485,1916
3295,3465,1936
2253,2368,1959
2253,2367,1963
3295,3474,1972
2253,2375,1973
3297,3483,1978
2253,2372,1984
3295,3462,2010
2253,2376,2015
2253,2369,2047
3295,3461,2054
3297,3481,2078
3295,3468,2083
2253,2374,2123
2253,2366,2147
2253,2373,2165
3295,3470,2175
2253,2365,2187
3678,3899,2204
3678,3874,2235
3295,3475,2267
3678,3870,2343
3295,3469,2351
3678,3900,2356
3678,3868,2365
3295,3460,2372
3678,3875,2409
2585,2710,2428
3678,3873,2448
2585,2709,2467
3295,3466,2469
3678,3877,2473
3678,3869,2477
3678,3872,2487
3678,3876,2488
3678,3901,2497
3678,3871,2502
3297,3479,2539
3678,3880,2590
2999,3163,2603
3295,3467,2608
3491,3680,2608
3678,3898,2624
3295,3464,2632
3678,3878,2647
3678,3879,2680
4454,4706,2685
3678,3882,2692
3295,3471,2697
3678,3903,2717
2899,3062,2723
3678,3902,2724
4454,4708,2732
3295,3472,2747
2849,2996,2767
3678,3904,2794
2849,2997,2849
2849,2998,2849
2849,2999,2849
2849,3000,2849
2850,3002,2849
3865,4099,2849
3865,4102,2849
2850,3003,2850
2850,3004,2850
2850,3005,2850
2850,3006,2850
2882,3039,2850
3678,3885,2878
2882,3040,2882
2882,3041,2882
2882,3042,2882
2882,3043,2882
3678,3884,2903
3678,3905,2925
3678,3883,2952
3678,3886,2976
3678,3891,2983
3678,3887,2988
3865,4108,2999
3678,3881,3017
3678,3888,3085
3678,3907,3132
3678,3889,3150
3678,3893,3200
3678,3906,3207
3678,3892,3232
3297,3482,3297
3678,3890,3305
3678,3908,3328
4454,4705,3330
3678,3910,3332
3865,4107,3343
3678,3911,3356
4510,4772,3369
4385,4634,3376
3865,4105,3381
3678,3894,3426
3678,3909,3443
3678,3895,3457
3865,4103,3461
4385,4633,3470
4454,4707,3485
3678,3896,3486
5817,6135,3507
4510,4773,3520
4901,5192,3532
3678,3897,3545
3865,4100,3564
3865,4104,3594
3865,4101,3645
3865,4106,3670
3905,4151,3775
3905,4150,3780
3905,4152,3784
4510,4795,3794
4456,4716,3802
4454,4704,3814
3905,4149,3821
4510,4796,3902
4510,4775,3903
4510,4781,3912
4510,4774,3971
4456,4711,4002
4510,4797,4008
4510,4783,4028
4510,4799,4043
4510,4777,4052
4456,4714,4084
4510,4776,4102
4510,4778,4166
4510,4780,4188
4510,4800,4190
4510,4791,4194
4510,4792,4195
4510,4782,4204
4510,4784,4215
4456,4715,4251
4510,4786,4266
4510,4785,4278
4510,4779,4294
4510,4787,4311
4510,4793,4322
4510,4788,4328
4510,4789,4332
4510,4794,4351
5189,5503,4356
4456,4713,4385
5187,5494,4422
4901,5206,4434
4901,5199,4451
4510,4790,4453
4456,4712,4454
4510,4798,4460
4901,5198,4463
5187,5498,4525
4901,5197,4526
4901,5196,4529
5187,5496,4540
4901,5195,4554
4901,5193,4558
5189,5502,4571
4901,5194,4575
5189,5505,4594
4901,5201,4599
4901,5200,4639
4901,5203,4680
4901,5202,4683
4901,5207,4731
4901,5204,4746
4901,5205,4773
5817,6139,4816
5817,6138,4817
6307,6676,4824
5817,6140,4855
6318,6711,4857
6307,6677,4867
5817,6141,4876
5817,6169,4931
5187,5495,4942
5817,6170,4947
5187,5497,4962
5817,6143,4967
5817,6144,4989
5817,6168,5001
5817,6145,5005
6126,6489,5092
5817,6163,5103
5817,6147,5122
6821,7245,5148
6126,6488,5150
5817,6151,5169
5817,6148,5180
5817,6146,5181
5817,6149,5183
5189,5501,5187
5189,5504,5187
5189,5506,5189
5817,6142,5189
5817,6165,5230
5817,6150,5237
5817,6164,5247
5817,6167,5272
5973,6331,5278
5817,6153,5281
11470,12115,5296
5973,6327,5330
5817,6152,5340
5973,6329,5344
5817,6154,5346
5973,6328,5356
6821,7248,5360
5817,6156,5371
5817,6157,5405
5817,6155,5428
5817,6160,5507
5817,6158,5509
5817,6161,5557
5817,6166,5577
5817,6162,5593
6126,6491,5634
5817,6159,5652
5973,6333,5664
5817,6136,5680
5817,6137,5683
5973,6332,5716
6431,6825,5732
6307,6681,5748
5973,6330,5769
6307,6678,5773
6307,6680,5784
6307,6679,5804
6126,6493,5878
6126,6494,5890
6307,6683,5912
6307,6685,5940
6307,6684,5951
6307,6688,5966
6307,6689,5977
6307,6686,5986
6126,6487,5987
6126,6490,6007
6307,6691,6013
6736,7143,6022
6736,7142,6034
6307,6687,6037
6736,7145,6051
6307,6693,6065
6126,6492,6086
6736,7141,6105
6307,6692,6106
6307,6694,6114
6307,6697,6132
6307,6699,6151
6307,6696,6157
6307,6698,6164
6431,6826,6175
6307,6682,6176
6307,6690,6187
6736,7140,6190
6307,6695,6196
6736,7151,6216
6431,6827,6223
6736,7150,6239
6431,6831,6244
6821,7242,6255
6736,7147,6267
6431,6830,6272
6431,6832,6284
6431,6828,6286
6431,6829,6299
6736,7149,6300
7743,8198,6314
19836,20917,6318
7743,8202,6339
6821,7244,6344
6736,7146,6349
6736,7148,6362
7743,8211,6366
7743,8203,6381
11571,12226,6382
7743,8207,6386
7743,8221,6413
11571,12241,6422
7743,8227,6439
6821,7246,6457
7743,8205,6459
11571,12242,6466
7743,8189,6476
7743,8233,6477
6736,7152,6481
11571,12239,6491
7743,8200,6518
7743,8229,6524
7743,8199,6527
6736,7154,6531
7743,8193,6536
6736,7153,6538
6736,7155,6541
7743,8222,6542
7743,8206,6544
7743,8191,6545
6736,7139,6546
6821,7247,6556
7743,8210,6577
7743,8234,6578
11571,12245,6584
6821,7243,6586
11571,12229,6594
6736,7156,6607
7743,8188,6614
8294,8819,6633
7280,7716,6647
7280,7721,6652
11571,12247,6665
7743,8201,6679
7743,8197,6685
8294,8822,6704
7230,7659,6714
7280,7711,6715
7230,7658,6719
7280,7714,6733
7280,7715,6734
7743,8196,6738
11571,12225,6741
7743,8230,6757
7743,8212,6759
7743,8214,6766
8294,8821,6778
7743,8225,6783
7743,8187,6787
6736,7138,6821
6736,7144,6821
7743,8220,6822
7743,8215,6825
7280,7717,6835
7230,7660,6850
7280,7718,6855
7280,7712,6868
8294,8820,6872
7743,8218,6877
7743,8213,6883
7743,8219,6914
7743,8224,6933
7743,8192,6938
7743,8216,6959
7280,7713,6972
7743,8204,7003
7743,8217,7006
7280,7720,7013
7280,7719,7015
7280,7723,7020
7743,8228,7071
7743,8223,7083
7911,8414,7095
7743,8190,7108
7743,8209,7151
7743,8195,7155
7743,8208,7163
7743,8226,7166
7743,8194,7175
7743,8232,7179
7911,8412,7208
7280,7722,7230
11571,12231,7239
7911,8410,7243
7743,8231,7258
7911,8408,7290
11571,12254,7294
7911,8415,7324
7911,8404,7332
11571,12227,7450
7911,8413,7462
7911,8416,7500
11571,12232,7523
7911,8411,7599
7911,8407,7635
7911,8409,7648
8116,8628,7685
7911,8403,7704
11571,12256,7710
8116,8622,7717
11571,12255,7758
8116,8633,7766
7911,8406,7794
7911,8405,7796
8116,8624,7814
8116,8623,7853
8116,8625,7855
8294,8815,7868
8116,8632,7870
8116,8626,7871
8116,8630,7893
8294,8814,7898
9401,9978,7903
8294,8813,7923
8294,8816,7929
8116,8631,7949
8116,8627,7951
8116,8629,7961
8294,8818,7981
8760,9303,8023
8760,9292,8059
8294,8817,8066
8760,9289,8085
8760,9293,8111
8760,9294,8118
8294,8812,8141
8760,9307,8150
11571,12257,8153
11571,12230,8155
8760,9295,8161
11571,12258,8165
11571,12234,8177
8760,9302,8199
8978,9552,8204
8978,9554,8206
8978,9536,8209
8978,9553,8212
8760,9309,8222
8978,9540,8233
8760,9304,8235
8760,9305,8237
8978,9543,8259
8760,9308,8262
8978,9547,8270
8760,9297,8273
8760,9299,8275
8760,9306,8282
8978,9549,8290
8760,9298,8292
8760,9300,8296
8978,9544,8313
8760,9296,8343
8978,9546,8347
8760,9312,8373
8760,9313,8394
8760,9311,8409
8760,9301,8429
8760,9314,8495
8978,9542,8505
8978,9545,8506
8978,9538,8508
8760,9310,8536
8760,9290,8582
8760,9291,8586
8978,9548,8607
8760,9316,8621
8760,9315,8633
11571,12236,8651
11571,12233,8658
8978,9535,8681
8978,9550,8688
9401,10004,8696
9401,9979,8706
11571,12261,8708
9401,10002,8751
8978,9551,8763
8978,9537,8765
9401,9981,8767
8978,9539,8802
9401,9982,8826
9401,9984,8843
9401,10001,8855
9401,9983,8864
8978,9541,8880
9401,9985,8882
11571,12243,8899
9401,9986,8900
10695,11333,8917
9401,9987,8940
9401,9991,8953
9401,9989,8955
10695,11330,8956
9401,9988,8957
9401,9993,8965
9401,9990,8972
9401,9980,8989
9401,9992,9032
9401,10005,9061
11571,12265,9076
10695,11328,9090
9975,10589,9092
9401,10003,9093
9401,10007,9105
11571,12262,9115
9975,10595,9128
9975,10585,9164
9401,10006,9165
9975,10588,9182
9401,9994,9188
9401,9996,9196
9401,9997,9198
9401,9998,9210
9401,10008,9211
9975,10584,9213
11720,12478,9238
9401,9995,9240
9401,9999,9246
9401,10009,9253
11720,12453,9263
11720,12464,9280
9401,10000,9287
11571,12260,9292
11720,12476,9298
11720,12457,9304
11720,12435,9312
11720,12439,9326
11571,12267,9330
11571,12240,9337
11720,12449,9368
9975,10590,9432
11571,12263,9439
9975,10599,9449
11720,12437,9464
9975,10587,9468
11720,12487,9497
11720,12450,9498
11571,12264,9525
9975,10598,9532
9975,10586,9557
11720,12423,9579
11720,12452,9581
11720,12440,9590
11720,12432,9620
11720,12484,9627
11720,12420,9643
9975,10591,9651
9975,10593,9655
9975,10596,9667
11720,12434,9680
11720,12436,9696
11720,12465,9709
11720,12471,9711
10695,11329,9750
11571,12268,9756
9975,10600,9757
11720,12468,9759
11720,12475,9767
9975,10594,9778
9975,10592,9782
11720,12429,9822
11720,12472,9828
11720,12428,9833
11720,12459,9837
11720,12461,9838
11720,12463,9852
11720,12469,9856
11720,12433,9879
9975,10597,9883
11720,12430,9914
11720,12442,9915
11720,12447,9919
11720,12481,9936
11571,12237,9949
11720,12419,9952
11720,12485,9953
11571,12269,9955
10695,11332,9960
11571,12266,9978
11720,12479,9983
10593,11224,10017
11571,12248,10029
11720,12438,10053
11720,12477,10093
11720,12424,10109
11720,12426,10137
10695,11331,10163
10593,11220,10180
10593,11225,10206
11720,12425,10220
11720,12422,10250
11720,12443,10271
11720,12454,10278
11720,12483,10279
11720,12474,10291
10593,11221,10306
11720,12480,10334
24858,26489,10336
11720,12446,10338
11720,12482,10354
10593,11223,10359
10593,11219,10381
10593,11222,10396
11720,12445,10402
11720,12451,10403
11720,12462,10423
11720,12455,10438
11571,12235,10469
28479,30775,10485
11569,12222,10488
11720,12460,10501
11720,12486,10519
11720,12473,10539
11569,12217,10540
11571,12249,10541
28479,30741,10545
11569,12220,10571
24858,26488,10572
10754,11394,10593
11720,12444,10597
11720,12431,10611
11569,12218,10625
10772,11413,10646
10754,11393,10695
11720,12488,10709
11569,12219,10733
11720,12467,10736
11571,12246,10760
11720,12466,10762
11720,12456,10801
28479,30697,10816
11569,12221,10817
11720,12448,10829
11569,12216,10834
24858,26536,10846
24858,26475,10855
11720,12441,10880
11720,12421,10881
11720,12458,10892
11720,12470,10908
11571,12228,10910
11571,12250,10931
28479,30789,10943
11720,12427,10952
11571,12252,10995
12346,13117,11030
11571,12244,11053
11409,12052,11147
11569,12215,11150
11571,12253,11168
11374,12016,11246
28479,30766,11259
28479,30715,11282
11571,12259,11310
28479,30728,11325
11742,12511,11334
11470,12114,11374
12346,13129,11378
11571,12251,11400
11571,12238,11444
16283,17228,11562
12346,13116,11607
17970,18978,11640
12658,13449,11658
13039,13852,11685
28479,30756,11688
12658,13458,11693
13039,13847,11697
12658,13461,11700
24858,26499,11724
12346,13123,11726
12658,13460,11730
13039,13857,11776
12658,13448,11812
12346,13126,11813
12658,13450,11859
12346,13120,11861
12658,13451,11913
12970,13775,11914
12346,13122,11919
12658,13455,11935
12346,13128,11940
12346,13125,11956
12346,13118,11965
13039,13856,11984
13039,13858,12000
12346,13121,12009
13039,13849,12012
12346,13119,12034
12346,13130,12079
12346,13127,12088
12346,13124,12092
12658,13446,12097
12658,13457,12107
12658,13454,12122
12658,13459,12138
12658,13452,12156
12658,13456,12159
12658,13447,12174
12658,13453,12196
28479,30737,12218
13039,13854,12303
28479,30830,12307
13039,13848,12317
28479,30827,12372
13039,13845,12397
12658,13445,12464
12658,13443,12466
12658,13462,12506
13039,13853,12535
28479,30767,12537
13356,14182,12542
13356,14183,12567
12658,13444,12593
13356,14184,12609
13356,14205,12615
13356,14186,12619
13039,13846,12640
13494,14349,12666
13356,14185,12667
13356,14180,12679
13356,14188,12734
13356,14207,12763
13356,14193,12785
13356,14189,12786
13356,14194,12792
13356,14192,12796
13356,14191,12800
24858,26527,12824
13356,14195,12858
13494,14353,12873
13356,14209,12879
13039,13851,12891
13039,13855,12894
24858,26528,12896
13356,14208,12912
13494,14356,12914
13356,14204,12928
24858,26497,12934
13356,14196,12937
13356,14181,12938
13356,14190,12949
13039,13850,12970
24858,26522,12973
13230,14053,13001
13356,14203,13003
13356,14201,13006
13356,14202,13019
13356,14197,13047
13356,14198,13104
13356,14200,13108
13356,14206,13131
13494,14350,13169
28479,30714,13181
13356,14199,13187
13202,14024,13202
13356,14187,13203
13494,14348,13224
13202,14022,13230
13202,14023,13230
13494,14357,13243
28479,30750,13257
13494,14351,13259
13494,14354,13264
13494,14352,13273
28479,30787,13294
13494,14355,13305
28479,30801,13324
14584,15461,13371
14584,15466,13401
14584,15463,13437
14584,15465,13447
14584,15468,13481
14584,15464,13519
28479,30724,13561
28479,30738,13563
14584,15459,13601
28479,30762,13620
14584,15460,13624
28479,30742,13636
28479,30683,13658
28479,30707,13681
28479,30723,13699
30083,32956,13814
14361,15231,13837
14078,14943,13865
14282,15148,13895
14369,15240,13902
14078,14942,13906
14369,15241,13908
28479,30706,13911
28479,30771,13957
28479,30793,13965
24858,26534,14003
14297,15164,14282
14298,15167,14282
14450,15323,14285
14297,15165,14297
17933,18939,14297
30083,32954,14297
30083,32961,14298
30083,32955,14361
15941,16828,14412
14450,15324,14450
30083,32957,14450
30083,32958,14450
14584,15467,14455
14584,15462,14496
15941,16876,14518
15941,16832,14519
24858,26524,14536
15941,16840,14545
15941,16863,14546
15941,16865,14564
15941,16837,14588
15941,16873,14616
15941,16857,14626
15941,16841,14641
15941,16851,14674
15941,16859,14675
28479,30751,14684
24858,26496,14690
15941,16874,14699
28479,30755,14706
15941,16864,14721
15941,16830,14753
15941,16834,14762
15941,16852,14821
15941,16862,14823
15941,16845,14873
15941,16853,14878
15941,16878,14888
24858,26519,14917
15941,16870,14960
15941,16855,14965
24858,26501,15032
15941,16875,15044
15941,16846,15049
15941,16861,15060
28479,30839,15066
15941,16838,15082
15941,16839,15104
15941,16872,15118
28479,30782,15120
15941,16869,15126
15941,16882,15130
15941,16868,15142
15941,16871,15151
15941,16827,15216
28479,30702,15224
15941,16850,15226
15941,16842,15230
15941,16826,15233
15941,16877,15252
15941,16843,15284
15941,16884,15296
15941,16885,15306
28479,30785,15327
15941,16831,15334
15941,16879,15350
15941,16858,15385
28479,30806,15405
15941,16881,15419
15941,16883,15429
15941,16848,15442
15941,16847,15455
15941,16866,15467
24858,26480,15480
15941,16867,15487
15941,16833,15501
15941,16856,15517
28479,30701,15520
15941,16880,15544
17874,18821,15592
28479,30813,15597
28479,30699,15618
15941,16860,15628
15941,16844,15645
15941,16854,15735
15941,16835,15751
15941,16849,15768
28479,30811,15769
15941,16829,15775
15941,16836,15802
24858,26481,15856
17874,18864,15881
24858,26540,15885
17874,18865,15893
28479,30797,15903
17874,18841,15910
17874,18829,15936
28479,30703,15939
17874,18862,15951
17874,18836,15955
17874,18832,15992
17874,18843,16000
17874,18878,16010
17874,18859,16035
17874,18855,16039
17874,18850,16045
18043,19064,16054
17874,18857,16065
17874,18858,16067
17874,18831,16098
24858,26518,16136
17874,18856,16149
24858,26517,16170
17874,18871,16176
17874,18863,16178
17874,18866,16188
17874,18847,16193
17874,18848,16200
17874,18820,16203
17874,18874,16205
17874,18837,16212
17874,18879,16233
17874,18877,16283
17970,18977,16283
28479,30843,16286
28479,30792,16481
17874,18875,16695
18043,19066,16721
17874,18824,16739
17874,18873,16794
18043,19057,16806
17874,18842,16842
28479,30802,16850
17874,18860,16853
17874,18840,16858
17874,18830,16869
17874,18838,16890
17874,18828,16902
28479,30693,16903
17874,18826,16904
28479,30718,16919
17874,18827,16920
17874,18845,16927
17874,18876,16931
17874,18867,16945
17874,18839,16966
24858,26491,16986
17874,18854,17015
18043,19060,17028
17874,18825,17043
28479,30708,17084
17874,18870,17114
18043,19061,17124
17874,18851,17126
17874,18835,17133
17874,18834,17156
17874,18861,17163
17874,18823,17165
24858,26505,17173
17874,18849,17178
18043,19062,17185
17874,18869,17187
24858,26502,17192
17874,18868,17250
28479,30682,17251
28479,30757,17293
17874,18852,17485
24858,26508,17487
18043,19065,17489
17874,18853,17506
17874,18822,17525
28479,30713,17529
24858,26510,17535
17874,18846,17555
18043,19063,17558
28479,30716,17607
17874,18833,17615
17874,18872,17623
17874,18844,17627
28479,30726,17683
18043,19059,17686
28479,30807,17698
28479,30732,17705
18043,19069,17783
18043,19052,17817
18043,19053,17832
18043,19054,17845
18043,19071,17850
18043,19070,17857
18043,19055,17888
18043,19058,17892
18043,19068,17912
19836,20932,17925
19836,20949,17928
30083,32959,17933
30083,32960,17933
28479,30744,17938
18043,19056,17942
18043,19067,17979
28479,30828,18006
19836,20956,18030
19836,20913,18032
19836,20982,18047
19836,20928,18066
19836,20916,18075
19836,20891,18080
18236,19265,18105
19836,20966,18111
19836,20937,18113
19836,20961,18143
19836,20900,18151
19836,20909,18160
19836,20948,18161
19836,20967,18188
18380,19413,18204
18343,19374,18222
19836,20905,18226
18343,19375,18236
19836,20898,18237
20752,21933,18238
19836,20903,18241
19836,20990,18242
19836,20877,18246
19836,20939,18255
19836,20986,18282
19836,20976,18285
19836,20975,18323
24858,26529,18327
19836,20899,18329
18520,19555,18335
19836,20960,18342
28479,30773,18351
19836,20921,18358
19836,20931,18360
19836,20929,18374
18343,19373,18380
20752,21932,18380
19836,20915,18388
19836,20971,18392
19836,20902,18395
19836,20910,18399
19836,20927,18402
19836,20885,18403
18632,19668,18404
20752,21931,18415
18520,19554,18417
19836,20884,18432
19836,20955,18445
19836,20882,18450
19836,20887,18458
19836,20880,18471
20752,21923,18474
19836,20978,18527
19836,20930,18530
20752,21920,18540
28479,30816,18553
28479,30684,18563
19836,20989,18579
19836,20886,18584
28479,30846,18594
19836,20876,18619
19836,20924,18621
19836,20973,18634
19836,20879,18637
19836,20946,18643
28479,30727,18649
19836,20945,18655
19836,20951,18660
20752,21921,18664
19836,20895,18666
19836,20984,18686
19836,20991,18692
19836,20925,18699
19836,20914,18719
19836,20890,18738
19836,20923,18747
19836,20912,18751
19836,20968,18789
19836,20922,18802
19836,20920,18812
19836,20938,18817
19836,20908,18824
19836,20881,18843
19836,20892,18846
19836,20941,18854
19836,20965,18866
19836,20953,18880
19836,20980,18965
19836,20940,18968
28479,30825,18989
19836,20904,18995
24858,26537,19000
19836,20947,19006
19836,20952,19016
19836,20972,19027
19836,20883,19044
19836,20987,19058
28479,30814,19083
19836,20969,19092
19836,20985,19107
19836,20897,19117
19836,20919,19119
20752,21934,19122
19836,20981,19126
19836,20974,19167
19836,20957,19176
19836,20875,19193
19836,20901,19207
19836,20959,19226
20752,21922,19229
19836,20944,19231
19836,20979,19246
19836,20958,19280
19836,20889,19286
19836,20954,19297
19836,20950,19301
19836,20936,19345
19836,20926,19346
20752,21929,19349
24858,26485,19357
19836,20942,19365
19836,20933,19390
28479,30818,19391
19836,20894,19402
19836,20874,19407
19836,20964,19421
19836,20893,19431
28479,30705,19433
24858,26474,19442
19836,20907,19466
19836,20983,19469
19836,20935,19480
19836,20988,19507
28479,30795,19509
19836,20878,19513
19836,20918,19525
19836,20970,19531
24858,26515,19536
24858,26495,19540
19836,20943,19574
19836,20963,19582
19836,20906,19599
19836,20911,19602
19836,20934,19604
19836,20896,19606
19836,20962,19611
19836,20888,19612
20752,21930,19614
20752,21919,19668
19836,20977,19690
19836,20992,19694
19836,20873,19700
20752,21916,19715
20752,21927,19748
20752,21947,19749
20752,21953,19757
20752,21955,19761
19836,20993,19764
20752,21915,19767
20752,21950,19803
20752,21964,19816
20752,21948,19823
20752,21965,19824
20752,21983,19836
20752,21954,19842
20752,21949,19845
24858,26500,19846
20752,21967,19861
20752,21970,19866
28479,30743,19871
20752,21966,19878
28479,30781,19897
20752,21957,19903
20752,21979,19916
28479,30808,19918
24858,26506,19980
24858,26479,19986
24858,26531,20002
20752,21976,20011
28479,30695,20013
20752,21917,20029
28479,30711,20030
20752,21918,20033
24858,26542,20035
20752,21942,20043
20752,21928,20057
20752,21926,20060
20752,21937,20070
20338,21498,20119
28479,30710,20128
20752,21939,20138
20752,21968,20142
20752,21925,20150
20752,21935,20166
20752,21936,20167
28479,30761,20168
28479,30774,20169
20752,21924,20170
20752,21945,20171
20315,21474,20176
20752,21940,20181
20315,21473,20182
20752,21941,20186
20752,21938,20191
20752,21977,20200
20752,21956,20212
20752,21944,20215
20752,22009,20227
20752,21946,20255
20752,21914,20277
20752,22006,20286
20752,22007,20287
20752,21972,20288
20752,21982,20295
24858,26525,20300
20752,21980,20303
20752,22008,20304
20752,21981,20306
20752,21973,20315
28479,30776,20318
20752,21986,20319
20752,22022,20320
20752,21975,20325
28479,30685,20331
20752,22019,20334
24858,26513,20340
20752,21961,20341
24858,26476,20350
20752,21962,20351
20752,21971,20353
20752,21943,20356
24858,26532,20357
20752,21969,20358
20752,21952,20360
20752,21951,20361
20752,21958,20364
20752,22017,20365
20752,22023,20371
24858,26520,20377
20752,21998,20378
20752,22015,20382
20752,22002,20384
20752,21985,20387
20752,22016,20389
20752,21913,20391
20752,22004,20394
20752,22018,20397
20752,22005,20399
20752,21989,20400
20752,22013,20401
20752,21984,20404
28479,30749,20406
20752,21999,20408
20752,22012,20412
24858,26486,20413
20752,21996,20414
20752,21978,20415
20752,21988,20419
28479,30754,20420
28479,30760,20427
20752,22011,20429
28479,30764,20444
20752,21960,20447
28479,30681,20454
20752,22020,20457
24858,26487,20470
20752,21994,20478
20752,21991,20490
20752,22003,20493
20752,21974,20497
20752,21995,20498
20752,22010,20505
20752,21959,20507
20752,21993,20515
20752,21963,20522
20752,21997,20525
20752,21992,20559
20752,22021,20608
20752,22001,20626
21542,22849,20628
21542,22834,20632
21542,22848,20639
21542,22841,20641
20752,22014,20644
20752,21987,20647
20752,21990,20656
20752,22000,20678
28479,30838,20680
24858,26539,20695
21542,22821,20698
21542,22816,20714
21542,22842,20715
28479,30835,20735
21542,22827,20740
21542,22822,20742
21542,22847,20752
21542,22850,20752
21542,22815,20756
21542,22814,20770
21542,22852,20771
21542,22833,20794
21542,22836,20807
21542,22851,20816
21542,22838,20821
21542,22835,20823
21542,22824,20830
24858,26509,20839
24858,26512,20871
21542,22819,20875
21542,22818,20889
21542,22840,20901
21542,22839,20921
21542,22843,20928
21542,22825,20931
21542,22820,20941
21542,22832,20942
28479,30712,20958
21542,22828,20972
28479,30772,20975
21542,22823,20981
21542,22829,20989
21542,22830,20995
21542,22826,20996
21542,22846,21000
21542,22837,21008
21542,22844,21016
28479,30800,21019
24858,26490,21025
28479,30784,21034
28479,30686,21056
21542,22817,21057
24858,26493,21118
21542,22845,21152
21542,22831,21160
21542,22856,21173
21542,22860,21174
24858,26494,21210
21542,22859,21221
21542,22861,21224
21542,22857,21235
21542,22853,21242
21542,22855,21264
28479,30740,21292
28479,30794,21304
24858,26498,21355
24858,26516,21372
24858,26511,21390
24858,26535,21391
28479,30735,21394
28479,30826,21398
28479,30783,21399
28479,30790,21401
28479,30752,21408
28479,30739,21445
28479,30796,21456
28479,30758,21460
24858,26507,21536
21542,22854,21542
21542,22858,21542
22970,24324,21542
23134,24510,21570
23134,24515,21572
23134,24536,21573
23490,24967,21586
23490,24955,21591
23134,24519,21613
23134,24535,21629
24858,26538,21635
21879,23203,21647
23134,24543,21648
23134,24585,21654
21879,23204,21656
21879,23202,21657
21754,23074,21671
21879,23200,21685
21879,23201,21692
23134,24565,21695
23134,24548,21715
23134,24503,21717
23134,24571,21739
23134,24494,21743
23134,24498,21750
23134,24520,21752
23134,24490,21753
22099,23433,21756
23134,24540,21761
28479,30786,21762
23134,24577,21767
23134,24497,21768
21879,23205,21770
22099,23429,21771
23490,24957,21772
23134,24580,21774
22099,23428,21778
23134,24496,21791
23134,24506,21800
23134,24544,21806
23134,24560,21821
23134,24564,21822
22099,23436,21824
22099,23432,21830
22099,23426,21835
22099,23439,21836
23490,24968,21846
23134,24579,21848
23134,24502,21853
22099,23431,21862
24858,26483,21867
23134,24495,21872
22099,23427,21873
23134,24567,21877
22099,23435,21886
23134,24493,21894
22099,23434,21897
22099,23430,21898
22099,23438,21907
23134,24538,21916
28479,30832,21921
22099,23437,21935
28479,30725,21937
23490,24958,21943
28479,30804,21957
23134,24501,21961
23134,24552,21971
23134,24586,21972
23134,24582,21994
23134,24527,21999
28479,30810,22006
23490,24954,22020
23134,24562,22035
23134,24551,22058
23134,24508,22065
23134,24518,22071
23134,24556,22075
23134,24573,22076
23134,24526,22077
23490,24964,22096
23134,24557,22113
24858,26478,22116
23134,24509,22128
23134,24500,22129
28479,30694,22131
23490,24959,22132
23134,24513,22136
22381,23728,22140
28479,30799,22142
28479,30698,22162
22381,23732,22164
23490,24961,22168
22381,23727,22171
22381,23724,22179
23134,24492,22183
23134,24489,22187
23134,24550,22189
23134,24517,22191
22381,23733,22201
22381,23726,22205
28479,30803,22218
22381,23730,22229
22381,23722,22237
22381,23734,22241
22381,23729,22244
23134,24554,22254
23134,24549,22255
23134,24576,22260
22381,23731,22266
22381,23723,22273
23134,24566,22276
22381,23725,22313
28479,30745,22324
28479,30722,22338
23134,24522,22345
23134,24583,22354
23134,24534,22362
23134,24575,22365
23490,24965,22366
23134,24499,22368
23134,24581,22372
28479,30817,22376
28479,30819,22381
28479,30820,22381
23134,24570,22402
23490,24962,22405
23134,24523,22424
23134,24524,22426
23134,24537,22436
23134,24529,22438
23134,24561,22443
23134,24553,22448
23134,24574,22454
23134,24569,22455
23134,24541,22467
23134,24491,22477
23134,24505,22495
28479,30824,22517
23134,24512,22548
23134,24588,22549
23134,24521,22553
23134,24568,22568
23134,24525,22571
23134,24589,22590
23134,24533,22619
23446,24908,22654
23134,24587,22659
23446,24904,22671
23134,24572,22674
23446,24905,22675
23446,24903,22680
23490,24969,22687
23134,24547,22690
23446,24902,22695
23134,24511,22701
23446,24906,22702
23134,24542,22705
23134,24516,22712
28479,30690,22713
23134,24578,22728
23446,24907,22744
23134,24514,22748
24858,26523,22749
23134,24528,22759
23490,24960,22793
23446,24909,22795
23490,24963,22799
24858,26533,22804
28479,30736,22805
28479,30777,22812
23134,24532,22814
23134,24546,22817
23134,24504,22819
23134,24563,22820
28479,30842,22832
23134,24559,22833
23490,24966,22834
23134,24507,22839
24858,26514,22844
28479,30691,22863
23134,24545,22869
23134,24530,22873
23134,24531,22878
23134,24539,22888
24858,26492,22899
23490,24956,22927
23134,24555,22937
24858,26541,22938
23490,24973,22945
23490,24971,22946
23490,24972,22947
23490,24970,22971
23134,24584,22975
23490,24974,22995
28479,30763,23008
24858,26473,23012
23134,24558,23015
24858,26503,23019
23490,24976,23034
23490,24980,23070
23490,24975,23080
23490,24978,23084
24858,26530,23086
23490,24982,23093
23490,24977,23116
23490,24983,23122
23490,24979,23131
25458,27234,23134
23490,24984,23142
23490,24985,23154
23490,24981,23160
23490,24987,23174
23490,24988,23178
28479,30729,23187
23490,24986,23191
23490,24989,23199
28479,30687,23205
24858,26526,23212
28479,30805,23229
23490,24990,23232
23490,24992,23247
23490,24991,23268
23490,24993,23299
28479,30788,23301
23960,25519,23318
23656,25170,23325
23656,25169,23351
23656,25168,23368
23656,25164,23379
23656,25160,23385
23656,25172,23387
23656,25175,23388
23656,25165,23393
23656,25162,23400
23656,25177,23401
23656,25179,23403
23656,25163,23408
23656,25174,23411
23656,25178,23416
23690,25215,23422
28479,30753,23446
23656,25173,23448
23656,25161,23450
23690,25214,23454
23690,25219,23457
23690,25217,23461
23656,25167,23466
23690,25218,23469
23656,25171,23470
23960,25525,23480
23960,25548,23482
23656,25176,23485
28479,30719,23489
23656,25166,23490
23960,25524,23522
23801,25345,23528
23801,25341,23536
23801,25333,23547
23690,25216,23548
23801,25331,23560
28479,30731,23564
25458,27283,23565
23801,25336,23566
23801,25338,23571
23801,25339,23573
23801,25337,23576
23960,25522,23577
23960,25526,23581
23960,25523,23582
23801,25343,23583
23960,25520,23586
25458,27285,23590
23801,25344,23597
23801,25332,23605
23801,25346,23607
23960,25528,23609
23960,25529,23610
23960,25530,23621
23801,25340,23624
28479,30809,23634
23911,25465,23638
23911,25464,23645
23801,25335,23648
23801,25334,23649
23801,25342,23662
23960,25531,23670
23960,25521,23671
23960,25527,23681
28479,30844,23690
23960,25536,23692
24858,26477,23693
23911,25466,23702
23960,25533,23705
23911,25460,23707
23911,25467,23711
28479,30780,23716
23911,25461,23723
23911,25457,23736
23960,25532,23743
23911,25458,23744
23960,25540,23747
23960,25534,23754
23960,25535,23755
23960,25541,23760
23911,25469,23766
23911,25459,23768
23960,25542,23774
23960,25543,23778
23911,25462,23785
23960,25537,23786
23960,25544,23791
23911,25468,23797
24858,26484,23801
24187,25783,23806
23960,25545,23809
24187,25784,23810
23960,25538,23812
23911,25463,23816
24187,25777,23819
23960,25546,23821
23960,25539,23829
24187,25780,23837
24187,25785,23842
25458,27277,23844
25458,27287,23846
24187,25781,23848
24187,25779,23864
24187,25778,23867
25458,27330,23894
24187,25782,23899
24187,25776,23905
24858,26472,23911
25458,27241,23912
25074,26769,23913
23960,25547,23922
24858,26504,23923
25458,27324,23932
25458,27249,23948
24407,26017,23950
25458,27322,23956
25458,27265,24003
24858,26521,24018
28479,30733,24019
28479,30768,24021
24407,26015,24026
25536,27414,24030
24407,26011,24057
25458,27333,24062
24858,26482,24076
24407,26013,24090
24407,26007,24094
25074,26794,24103
25458,27308,24107
24407,26010,24137
28479,30689,24157
25458,27274,24158
24407,26016,24166
25536,27427,24178
25458,27315,24185
28479,30822,24187
24407,26009,24195
24407,26019,24198
25458,27297,24201
24407,26006,24205
25458,27273,24216
25458,27311,24217
25458,27238,24219
28479,30700,24225
25458,27278,24229
25074,26774,24234
25458,27316,24241
25458,27251,24244
25458,27320,24248
25458,27248,24252
25458,27284,24256
25458,27318,24257
25458,27293,24259
24407,26018,24265
24407,26014,24268
25074,26768,24270
25458,27260,24273
25458,27267,24275
25458,27291,24276
24407,26012,24284
25458,27280,24293
25458,27262,24295
25458,27331,24299
24858,26543,24301
24407,26008,24305
25074,26830,24312
25458,27276,24316
25074,26828,24320
25074,26834,24321
25074,26789,24327
25458,27239,24329
25074,26762,24332
25458,27242,24336
25074,26790,24345
25074,26806,24349
25458,27317,24351
25074,26784,24353
25074,26795,24356
25458,27246,24358
25074,26766,24360
25074,26833,24363
25074,26776,24366
25074,26800,24369
28479,30765,24370
25074,26772,24375
25074,26829,24376
25458,27250,24390
25458,27319,24394
25074,26822,24397
25536,27425,24404
25074,26788,24405
24407,26020,24407
25074,26803,24407
25536,27416,24409
25458,27314,24419
25074,26785,24422
25074,26807,24423
25458,27255,24424
25458,27310,24437
25074,26831,24438
25458,27247,24443
25458,27271,24450
25074,26826,24452
25074,26801,24457
25458,27237,24463
25074,26804,24464
25536,27424,24467
25458,27253,24468
25458,27236,24471
25458,27266,24474
25458,27243,24478
25458,27235,24480
25074,26816,24484
28479,30709,24487
25074,26787,24495
25458,27257,24497
25074,26783,24498
25458,27309,24504
25074,26819,24505
25458,27303,24508
25458,27313,24510
28479,30815,24516
25074,26827,24521
25074,26840,24524
25074,26842,24528
25536,27415,24529
25458,27292,24540
25074,26811,24548
25074,26809,24561
25536,27420,24568
25458,27252,24571
25074,26823,24580
25458,27301,24582
25074,26815,24583
25074,26778,24588
25074,26813,24594
25074,26797,24598
25536,27423,24612
25074,26799,24618
25458,27321,24622
25074,26765,24624
25458,27325,24630
25074,26777,24641
25074,26836,24644
24858,26544,24645
25074,26837,24649
28479,30847,24658
24858,26545,24671
25074,26792,24672
25074,26839,24673
28479,30748,24674
25458,27298,24679
25458,27296,24688
25536,27417,24691
25458,27286,24692
25074,26841,24697
25074,26832,24698
25074,26782,24699
25458,27328,24733
25074,26796,24736
25458,27269,24738
25536,27413,24745
25074,26817,24746
25074,26824,24754
25074,26786,24757
25074,26791,24762
25074,26763,24764
25458,27290,24770
25536,27428,24773
25458,27289,24779
25074,26780,24782
25458,27312,24783
25074,26818,24785
25458,27254,24786
25074,26820,24792
25074,26814,24795
25074,26781,24796
25458,27259,24797
31519,34401,24799
25074,26838,24801
28479,30704,24805
25074,26825,24806
25074,26764,24808
25458,27268,24812
25074,26779,24816
25458,27261,24820
28479,30692,24829
25458,27288,24832
28479,30759,24838
28479,30823,24849
25536,27422,24850
25074,26771,24857
25074,26812,24858
28479,30798,24872
25074,26767,24873
25074,26793,24885
25458,27334,24887
25458,27323,24889
25074,26821,24891
25536,27418,24893
25074,26808,24894
25074,26775,24899
25074,26835,24903
25074,26802,24907
25074,26805,24914
25074,26810,24916
25458,27282,24921
25458,27240,24923
25536,27426,24932
25458,27258,24937
25074,26773,24941
25458,27264,24951
25195,26968,24955
25074,26770,24960
25195,26966,24962
25458,27300,24964
25458,27295,24965
25195,26964,24968
25458,27275,24971
25074,26798,24993
25536,27421,24997
25458,27244,25002
25458,27307,25005
25458,27263,25015
25458,27272,25019
25195,26969,25024
25458,27299,25029
28479,30720,25039
25458,27256,25045
25458,27332,25049
25458,27245,25052
25195,26965,25057
25195,26970,25063
25458,27281,25067
25458,27327,25071
25458,27329,25072
25607,27520,25074
25607,27512,25078
25458,27294,25082
25607,27513,25083
25458,27302,25091
25458,27306,25102
25536,27419,25104
25195,26967,25107
25458,27270,25123
25607,27504,25126
25607,27528,25128
25607,27509,25139
25607,27515,25140
25458,27326,25144
25607,27508,25145
25607,27502,25153
25607,27530,25156
25607,27541,25165
25458,27305,25166
25607,27538,25167
25458,27304,25175
25607,27511,25184
25607,27539,25193
25607,27529,25195
25607,27540,25203
25458,27279,25207
39418,43579,25216
25607,27532,25220
25607,27510,25221
28479,30778,25223
39418,43416,25225
39418,43357,25236
28479,30747,25241
25607,27505,25242
25607,27534,25248
25607,27514,25264
25607,27522,25265
28479,30717,25268
39418,43551,25282
39418,43484,25291
25607,27535,25293
39418,43523,25296
25607,27525,25303
25607,27516,25306
28479,30840,25319
39418,43374,25321
39418,43730,25333
25607,27524,25344
25607,27506,25353
25607,27526,25357
25607,27523,25387
25607,27537,25411
26086,28052,25413
25607,27521,25416
25607,27527,25424
25536,27429,25425
25607,27531,25426
25607,27517,25432
25607,27518,25440
39418,43401,25444
25607,27536,25449
25607,27507,25455
25536,27430,25458
26086,28049,25460
28479,30696,25464
25607,27519,25469
25765,27705,25490
26086,28059,25504
39418,43637,25508
25607,27533,25515
25607,27503,25516
26086,28073,25520
39418,43426,25541
26086,28069,25544
39418,43491,25546
39418,43455,25548
39418,43370,25559
26086,28065,25560
25765,27700,25565
25765,27702,25574
25765,27703,25581
26086,28074,25584
28479,30833,25586
39418,43628,25605
25765,27706,25607
39418,43603,25608
26086,28045,25609
26086,28053,25613
25765,27701,25621
26086,28064,25628
39418,43492,25632
39418,43413,25633
26086,28057,25642
26086,28046,25646
26086,28072,25647
25942,27891,25664
25765,27704,25668
26086,28063,25670
25942,27885,25674
39418,43601,25678
39418,43535,25684
25942,27886,25697
25942,27893,25712
25942,27899,25717
25942,27884,25727
25942,27897,25734
26086,28055,25740
26086,28062,25741
39418,43668,25745
39418,43424,25746
26086,28066,25756
25942,27890,25765
26086,28070,25774
26086,28054,25776
25942,27892,25777
25942,27895,25780
25942,27887,25782
26086,28067,25783
25942,27894,25786
26086,28071,25793
26086,28061,25794
28479,30721,25797
25942,27888,25799
25942,27889,25802
26086,28047,25810
39418,43467,25813
26086,28056,25814
26086,28060,25819
26086,28048,25821
26111,28100,25824
39418,43648,25826
25942,27896,25829
39418,43514,25844
26111,28106,25845
39418,43563,25848
25942,27898,25849
39418,43638,25854
39418,43391,25857
26086,28058,25861
26086,28051,25862
39418,43617,25866
26086,28050,25868
26086,28068,25872
26086,28044,25873
26111,28101,25886
39418,43667,25902
26111,28108,25904
39418,43728,25908
26111,28105,25910
39418,43550,25923
39418,43591,25928
26389,28426,25942
39418,43397,25946
26389,28405,25947
28479,30791,25950
26111,28103,25954
26111,28102,25956
26111,28109,25957
26111,28104,25958
26389,28406,25973
26111,28107,25975
39418,43459,25983
26389,28421,25984
26389,28410,25986
39418,43371,25987
34377,37513,25988
39418,43498,25990
26389,28395,25992
26389,28392,25994
34377,37499,25995
26389,28425,26001
26389,28396,26007
26389,28394,26011
26389,28404,26019
34377,37464,26023
26389,28415,26024
28479,30837,26032
26389,28388,26033
26389,28397,26034
34377,37395,26036
39418,43466,26039
39418,43546,26043
34377,37526,26052
39418,43650,26053
26389,28390,26054
34377,37374,26055
26389,28416,26057
39418,43586,26070
26389,28429,26073
26389,28400,26075
39418,43454,26076
34377,37527,26079
28479,30845,26081
34377,37416,26092
28479,30769,26093
34377,37356,26096
39418,43420,26097
34377,37377,26098
39418,43479,26101
39418,43394,26102
26389,28402,26105
26389,28411,26106
39418,43452,26109
26389,28398,26111
26389,28403,26111
34377,37402,26118
26389,28418,26121
26389,28407,26126
34377,37490,26132
26389,28399,26133
34377,37396,26138
34377,37388,26140
34377,37397,26142
39418,43616,26145
39418,43396,26148
34377,37488,26152
26389,28419,26154
26389,28409,26157
39418,43585,26158
39418,43625,26162
26389,28412,26166
34377,37463,26167
39418,43538,26171
34377,37368,26173
39418,43609,26174
34377,37494,26175
26389,28417,26177
26389,28389,26181
39418,43496,26182
26389,28424,26186
26389,28428,26187
39418,43681,26188
26389,28393,26189
26389,28401,26191
34377,37452,26195
26389,28391,26199
34377,37467,26200
39418,43701,26205
39418,43689,26206
39418,43464,26207
39418,43646,26211
26389,28413,26212
26389,28423,26213
39418,43406,26214
39418,43422,26216
39418,43680,26219
39418,43478,26220
26389,28408,26221
39418,43511,26223
34377,37531,26225
26801,28875,26236
26389,28420,26238
39418,43475,26239
34377,37521,26240
26389,28414,26242
34377,37474,26243
26842,28920,26245
34377,37401,26249
34377,37359,26250
39418,43476,26251
34377,37455,26252
26797,28843,26253
39418,43353,26254
34377,37366,26255
26389,28427,26266
34377,37351,26270
26389,28422,26276
39418,43486,26277
34377,37528,26278
39418,43711,26282
39418,43428,26285
39418,43448,26288
26797,28842,26289
39418,43669,26290
26797,28847,26308
39418,43433,26309
26797,28846,26316
26797,28851,26317
39418,43631,26323
28479,30730,26325
39418,43430,26329
34377,37485,26331
39418,43474,26332
26842,28934,26343
34377,37461,26344
39418,43547,26346
26797,28857,26347
26842,28935,26349
39418,43525,26358
39418,43493,26360
26842,28938,26365
26797,28853,26366
39418,43685,26370
26842,28927,26372
26842,28933,26373
39418,43504,26388
26842,28919,26389
26801,28869,26395
39418,43608,26400
26797,28839,26405
34377,37369,26406
34377,37465,26414
26801,28871,26416
34377,37506,26418
26842,28925,26420
34377,37484,26425
26842,28937,26427
34377,37535,26437
26842,28928,26444
26842,28922,26447
34377,37364,26450
39418,43642,26451
34377,37529,26452
26842,28923,26455
26842,28931,26456
34377,37483,26457
26797,28848,26460
34377,37524,26466
26797,28854,26478
26797,28845,26482
26801,28870,26483
34377,37508,26488
39418,43613,26490
26842,28936,26497
26797,28840,26498
26842,28924,26502
34377,37459,26505
34377,37383,26510
34377,37472,26512
39418,43732,26514
34377,37519,26515
26801,28868,26517
39418,43407,26518
34377,37379,26520
26842,28932,26524
26797,28844,26525
34377,37478,26528
39418,43639,26532
39418,43561,26533
39418,43594,26537
34377,37537,26539
26797,28838,26540
26842,28930,26542
26842,28939,26543
26797,28856,26548
39418,43673,26556
26801,28873,26560
34377,37462,26564
34377,37422,26567
26797,28850,26572
26801,28874,26576
26797,28841,26577
34377,37355,26581
39418,43399,26583
26801,28867,26584
39418,43505,26589
39418,43485,26591
39418,43460,26593
34377,37405,26594
39418,43480,26612
34377,37399,26619
34377,37378,26621
34377,37381,26623
34377,37419,26624
26801,28872,26625
26797,28855,26629
26842,28929,26632
34377,37495,26635
26801,28876,26640
26842,28921,26643
26961,29061,26646
39418,43488,26652
39418,43729,26662
34377,37486,26663
27006,29116,26671
27006,29115,26672
39418,43526,26674
39418,43671,26682
34377,37536,26686
39418,43717,26687
26797,28852,26688
39418,43429,26690
34377,37453,26701
34377,37493,26703
34377,37393,26705
27006,29107,26710
26797,28849,26712
26842,28926,26717
34377,37385,26720
27006,29113,26721
39418,43716,26727
39418,43694,26729
39418,43634,26736
39418,43555,26737
39418,43451,26740
39418,43659,26750
39418,43652,26751
39418,43574,26758
39418,43489,26762
39418,43696,26763
39418,43674,26764
39418,43600,26766
39418,43487,26768
27006,29110,26771
27006,29108,26772
27006,29111,26774
39418,43421,26776
27006,29109,26777
39418,43675,26780
34377,37404,26784
39418,43503,26785
34377,37498,26786
27006,29112,26793
27496,29615,26797
39418,43519,26798
26799,28861,26799
26799,28862,26799
26799,28863,26799
26801,28866,26799
27496,29635,26799
27496,29636,26799
27496,29673,26799
27496,29676,26799
34377,37475,26799
34377,37522,26800
26801,28877,26801
27496,29637,26801
27496,29668,26801
34377,37492,26805
39418,43529,26815
27006,29114,26819
34377,37520,26825
34377,37357,26827
39418,43363,26829
26799,28860,26842
27496,29642,26842
27496,29643,26842
34377,37468,26848
34377,37394,26849
39418,43632,26866
27496,29656,26867
27496,29629,26879
27496,29657,26881
27496,29633,26882
39418,43375,26885
39418,43528,26889
39418,43453,26897
39418,43714,26901
39418,43436,26903
34377,37489,26914
39418,43517,26917
39418,43568,26925
27496,29665,26937
27496,29678,26942
27496,29672,26946
27496,29640,26948
39418,43418,26953
34377,37371,26957
39418,43543,26959
26927,29025,26961
26927,29026,26961
27496,29634,26963
34377,37497,26964
27496,29654,26966
27496,29613,26968
27496,29666,26969
39418,43618,26970
27496,29682,26972
39418,43653,26977
27496,29623,26980
39418,43636,26988
27496,29647,26990
34377,37415,26994
27496,29664,26996
27496,29649,26999
34377,37479,27003
34377,37460,27004
27496,29662,27006
27496,29626,27009
34377,37408,27011
34377,37504,27020
34377,37380,27022
39418,43438,27026
27496,29618,27027
39418,43713,27030
39418,43366,27031
39418,43557,27032
27496,29651,27033
27496,29641,27038
34377,37403,27041
34377,37482,27042
34377,37361,27045
39418,43666,27047
27496,29608,27048
34377,37516,27050
34377,37372,27054
39418,43495,27060
34377,37477,27066
27496,29628,27069
39418,43695,27071
27496,29646,27074
27496,29681,27076
39418,43513,27077
34377,37414,27080
27496,29680,27082
39418,43540,27087
39418,43553,27094
39418,43469,27095
27496,29669,27098
27496,29632,27099
34377,37512,27100
27496,29679,27101
27496,29661,27102
27496,29639,27104
27496,29674,27107
27496,29624,27110
39418,43518,27116
27496,29644,27117
27496,29617,27119
39418,43580,27121
27496,29612,27122
39418,43682,27129
39418,43373,27131
39418,43522,27135
27496,29653,27142
34377,37496,27151
39418,43604,27152
27496,29630,27154
34377,37480,27161
27496,29625,27162
39418,43457,27163
27496,29650,27165
39418,43400,27167
34377,37354,27169
39418,43655,27172
27496,29683,27173
27496,29607,27174
39418,43589,27178
27496,29620,27186
27496,29631,27187
27496,29616,27188
39418,43393,27196
28479,30831,27198
27496,29670,27203
34377,37352,27207
34377,37451,27209
27496,29609,27213
34377,37417,27215
34377,37421,27217
34377,37407,27226
27496,29611,27227
27496,29648,27238
39418,43679,27255
34377,37503,27262
27496,29671,27264
27496,29619,27265
27496,29610,27266
34377,37387,27267
39418,43573,27269
39418,43633,27274
27496,29660,27275
27496,29645,27278
27496,29675,27279
27496,29638,27283
27496,29627,27290
39418,43556,27293
39418,43549,27294
34377,37457,27295
27496,29667,27297
27496,29621,27300
39418,43583,27304
27496,29658,27305
27496,29655,27307
39418,43527,27311
27496,29622,27312
39418,43501,27314
27496,29677,27318
27496,29652,27319
27496,29659,27321
34377,37391,27324
27496,29663,27328
39418,43361,27329
27499,29687,27339
34377,37370,27348
34377,37525,27351
27499,29699,27352
27499,29698,27357
34377,37532,27358
27499,29696,27360
27499,29688,27362
39418,43515,27364
27499,29693,27366
27496,29614,27368
27499,29690,27369
39418,43509,27372
39418,43597,27373
27499,29692,27374
34377,37411,27376
39418,43559,27380
29734,32336,27384
29734,32341,27386
28748,31130,27388
29734,32265,27389
39418,43364,27396
28479,30829,27399
29734,32306,27401
29734,32278,27403
34377,37412,27404
39418,43405,27405
39072,42922,27407
34377,37510,27408
34377,37358,27412
39418,43630,27414
27499,29689,27416
28748,31126,27419
28479,30688,27422
28748,31118,27425
27499,29691,27432
29734,32413,27436
29734,32493,27439
28479,30746,27444
28748,31124,27446
34377,37515,27448
27499,29697,27460
27499,29695,27462
39418,43657,27471
39418,43640,27472
27499,29694,27473
34377,37410,27475
34377,37514,27479
39072,42913,27482
39418,43465,27483
39418,43355,27485
34377,37481,27488
39418,43619,27489
29734,32439,27493
29734,32548,27494
27499,29700,27496
39418,43629,27497
39418,43524,27502
29734,32530,27504
28748,31128,27505
34377,37386,27507
29734,32316,27508
34377,37458,27511
34377,37476,27521
29734,32455,27523
29734,32531,27525
29734,32466,27529
29734,32267,27533
29734,32416,27535
33092,36062,27537
34377,37350,27542
39418,43403,27550
29734,32426,27552
29734,32529,27554
39418,43477,27558
29734,32487,27559
39418,43554,27561
39418,43577,27565
39072,42897,27573
39418,43386,27582
28479,30734,27600
39418,43620,27602
29734,32420,27616
39418,43623,27617
39418,43627,27625
29734,32462,27635
29734,32380,27636
39418,43605,27638
28479,30841,27645
29734,32396,27646
39418,43404,27647
28479,30821,27649
29734,32449,27654
39072,42914,27659
39072,42899,27660
39072,42939,27662
39418,43565,27664
28748,31134,27665
29734,32330,27668
39418,43687,27681
29734,32409,27682
39418,43360,27687
39418,43552,27693
29734,32352,27697
29734,32553,27702
39418,43541,27705
29734,32302,27717
28748,31133,27719
39418,43539,27721
29734,32367,27723
29734,32443,27725
29734,32374,27727
39418,43468,27734
29734,32390,27737
39072,42904,27742
39418,43706,27744
39418,43566,27747
39418,43612,27748
39418,43622,27750
39418,43665,27752
39418,43450,27753
39418,43444,27755
29734,32386,27756
28748,31127,27759
29734,32563,27761
39418,43621,27764
39072,42926,27766
29734,32337,27771
29734,32369,27774
29734,32460,27775
29734,32260,27776
29734,32293,27777
29734,32429,27778
29734,32561,27779
29734,32338,27780
29734,32311,27787
29734,32521,27789
29734,32270,27793
29734,32391,27794
29734,32565,27795
39072,42923,27796
29734,32328,27800
29734,32414,27801
29734,32327,27803
29734,32403,27807
39072,42942,27813
29734,32379,27814
29734,32399,27819
29734,32261,27821
29734,32528,27827
29734,32458,27828
29734,32441,27829
29734,32393,27853
29734,32499,27855
28748,31121,27856
29734,32479,27859
28479,30834,27872
29734,32540,27876
29734,32518,27878
29734,32473,27882
39072,42903,27894
29734,32541,27895
29734,32425,27896
29734,32351,27900
29734,32355,27906
39418,43490,27907
29734,32378,27911
29734,32430,27915
29734,32503,27918
39418,43383,27926
28479,30779,27927
39418,43482,27935
29734,32459,27936
29734,32571,27946
29734,32490,27951
29734,32556,27953
29734,32475,27955
28479,30812,27956
29734,32384,27959
33092,36061,27962
29734,32417,27965
29734,32297,27967
39418,43588,27968
39072,42933,27970
29734,32324,27973
29734,32408,27975
29734,32288,27988
39418,43419,27989
29734,32372,27990
29734,32424,27996
39418,43449,28000
28479,30770,28013
39418,43456,28016
28748,31119,28017
39418,43607,28020
34377,37420,28024
29734,32520,28025
34377,37500,28026
39418,43536,28031
39418,43587,28033
39418,43358,28040
29734,32555,28051
29734,32506,28052
29734,32405,28058
29734,32558,28061
29734,32418,28063
39418,43645,28068
34377,37511,28069
39418,43512,28077
29734,32356,28078
39418,43592,28088
39418,43425,28089
39418,43365,28091
29734,32423,28095
39418,43377,28099
29734,32404,28100
29734,32285,28102
29734,32512,28104
39418,43692,28106
29734,32264,28116
29734,32353,28121
29734,32357,28135
29734,32463,28138
29734,32464,28145
29734,32360,28162
29734,32545,28163
29734,32366,28165
29734,32342,28166
29734,32394,28168
29734,32320,28172
29734,32397,28174
29734,32359,28176
29734,32515,28180
39418,43670,28184
29734,32411,28186
39418,43508,28190
28479,30836,28199
29734,32343,28201
29734,32436,28204
29734,32280,28205
28748,31122,28207
29734,32551,28216
29734,32576,28218
29734,32347,28220
29734,32308,28222
29734,32445,28227
29734,32331,28228
39418,43445,28234
29734,32507,28236
29734,32452,28240
29734,32437,28241
39418,43402,28244
29734,32332,28245
29734,32383,28254
28748,31135,28255
39418,43440,28256
29734,32444,28261
39418,43664,28263
29734,32539,28270
29734,32301,28271
29734,32432,28273
33092,36063,28278
39418,43677,28280
29734,32496,28293
39418,43578,28303
29734,32365,28306
29734,32505,28316
29734,32537,28319
29734,32371,28322
29734,32300,28327
29734,32334,28333
29734,32536,28334
29734,32281,28336
29734,32312,28337
29734,32498,28341
29734,32560,28342
29734,32431,28345
29734,32511,28348
28479,30848,28354
29734,32471,28355
29734,32567,28357
29734,32495,28360
39072,42887,28363
29734,32305,28366
28748,31129,28368
29734,32526,28370
29734,32303,28373
29734,32577,28379
29734,32543,28387
39072,42947,28398
39072,42886,28401
39072,42915,28403
29734,32534,28406
29734,32298,28412
29734,32381,28418
29734,32469,28420
29734,32307,28421
34377,37418,28424
29734,32575,28434
29734,32440,28437
29734,32470,28449
34377,37505,28452
29734,32358,28469
29734,32461,28472
34377,37538,28475
34377,37384,28477
29734,32282,28478
29734,32294,28486
34377,37362,28492
39072,42908,28495
29734,32514,28508
34377,37424,28510
39072,42934,28512
29734,32519,28521
29734,32450,28524
29734,32329,28531
34377,37487,28533
29734,32446,28537
29734,32482,28542
29734,32566,28543
29734,32407,28544
29734,32322,28547
39418,43647,28548
28748,31123,28555
29734,32345,28558
29734,32532,28574
29734,32550,28577
39072,42911,28582
28748,31131,28590
29734,32350,28595
28748,31120,28596
29734,32344,28601
29734,32415,28602
29734,32457,28605
34377,37392,28606
29734,32373,28610
29734,32465,28611
29734,32266,28621
39418,43700,28624
34377,37502,28628
34377,37491,28629
29734,32472,28635
39418,43368,28639
39072,42907,28640
39418,43463,28643
39072,42920,28645
29734,32486,28646
39072,42929,28648
28781,31169,28650
34377,37533,28652
39418,43672,28653
29734,32568,28655
34377,37353,28659
29734,32333,28661
28787,31177,28664
28986,31387,28666
34377,37390,28667
29734,32489,28668
39072,42889,28669
28748,31125,28670
34377,37530,28671
29734,32527,28673
29734,32535,28674
34377,37534,28675
39418,43376,28676
34377,37373,28678
29734,32573,28679
34377,37523,28682
29734,32287,28683
28986,31394,28685
39418,43611,28686
28986,31383,28687
34377,37456,28689
34377,37376,28690
28748,31132,28692
29734,32510,28703
29734,32419,28707
39072,42893,28708
29734,32501,28709
28986,31380,28713
29734,32284,28716
39072,42916,28717
34377,37360,28718
29734,32317,28721
39418,43584,28723
29734,32361,28724
29734,32375,28730
29734,32313,28732
29734,32422,28736
29734,32454,28737
29734,32339,28739
29734,32448,28740
29734,32421,28741
34377,37400,28742
29734,32292,28745
29126,31539,28748
29734,32309,28748
29734,32263,28756
29734,32497,28758
29734,32368,28760
39418,43378,28762
28986,31393,28765
39072,42888,28766
29734,32508,28767
39072,42949,28768
29236,31680,28769
39418,43385,28770
39072,42882,28772
34377,37363,28774
39418,43651,28777
29734,32319,28778
28986,31396,28779
29734,32382,28780
28787,31176,28781
29159,31591,28781
34377,37473,28782
28986,31386,28783
29734,32286,28785
29734,32516,28786
29159,31599,28787
29126,31538,28788
28986,31395,28789
39418,43718,28790
28986,31390,28791
39418,43442,28794
39072,42921,28795
39418,43569,28796
34377,37406,28799
29734,32522,28800
29734,32271,28803
39072,42943,28804
39418,43712,28806
28986,31382,28808
29734,32485,28809
29734,32349,28811
28986,31377,28815
39418,43658,28816
29734,32402,28817
29126,31541,28821
39418,43471,28822
39418,43599,28823
29734,32412,28827
28986,31384,28829
39072,42950,28830
28986,31392,28831
28986,31379,28834
34377,37517,28836
29734,32370,28837
28986,31385,28838
29734,32276,28842
29147,31574,28844
34377,37471,28845
34377,37409,28846
29734,32509,28847
28986,31388,28848
29159,31595,28849
39418,43624,28850
29734,32364,28857
29734,32564,28861
29734,32544,28862
34377,37367,28866
39418,43635,28868
29734,32456,28869
28986,31378,28870
29734,32283,28874
29147,31571,28875
39418,43683,28878
28986,31389,28880
29159,31594,28882
29126,31544,28883
39418,43707,28884
34377,37423,28886
29126,31540,28887
39418,43596,28888
29734,32362,28889
29734,32387,28891
29126,31546,28893
29734,32569,28894
28986,31391,28898
28986,31381,28900
29734,32290,28903
29734,32438,28904
29734,32321,28906
29155,31585,28911
39072,42881,28916
29734,32395,28917
39418,43398,28918
39418,43462,28922
29126,31547,28929
39418,43704,28932
29403,31887,28933
39418,43676,28934
29403,31898,28936
34377,37389,28938
39418,43532,28939
29734,32484,28940
29126,31543,28942
29159,31593,28943
29734,32578,28944
29403,31873,28947
29159,31597,28948
29126,31545,28951
34377,37450,28953
34377,37469,28958
29403,31867,28960
29734,32348,28962
39072,42883,28963
39418,43382,28964
29405,31911,28968
29734,32323,28969
29126,31542,28970
39418,43531,28971
29403,31881,28973
34377,37518,28974
29403,31854,28976
34377,37365,28977
39072,42898,28979
34377,37398,28980
29734,32494,28981
29403,31866,28982
29159,31598,28986
29734,32310,28986
29147,31573,28987
29403,31894,28988
29405,31912,28989
34377,37349,28990
29159,31592,28992
29734,32570,28994
29734,32268,28997
29734,32524,28999
34377,37509,29000
29403,31869,29002
39072,42945,29006
29405,31914,29007
29734,32296,29008
34377,37466,29010
29403,31893,29013
39072,42891,29016
29734,32406,29017
29403,31861,29019
29734,32491,29020
29734,32447,29023
29734,32523,29026
29159,31596,29034
29734,32428,29036
29403,31853,29038
29734,32562,29041
29403,31901,29044
29734,32559,29045
29734,32262,29050
34377,37375,29052
29403,31880,29053
34377,37382,29055
29403,31852,29058
29403,31849,29059
29734,32574,29062
29734,32483,29065
29403,31897,29069
29734,32474,29070
29405,31915,29074
29734,32481,29075
29734,32389,29076
29403,31855,29080
39418,43411,29081
39418,43458,29085
29403,31906,29087
29403,31907,29090
29734,32363,29093
29403,31882,29094
29734,32492,29096
39418,43662,29097
29734,32272,29101
34587,37776,29103
39072,42895,29105
29734,32434,29106
34377,37507,29107
29147,31570,29114
39072,42902,29115
29734,32502,29118
29734,32478,29119
29405,31916,29123
29403,31891,29124
29159,31600,29126
29403,31863,29128
34377,37454,29129
29734,32517,29133
29403,31899,29134
29734,32326,29137
29403,31895,29138
29674,32188,29140
29403,31886,29142
29147,31572,29146
29202,31645,29146
29148,31576,29147
29684,32208,29147
29148,31577,29148
29684,32207,29148
39072,42938,29153
29403,31884,29154
29159,31590,29155
29734,32554,29156
29114,31525,29159
29161,31603,29159
29405,31917,29159
29734,32318,29160
29146,31568,29161
39418,43693,29161
39418,43733,29162
29403,31870,29167
29403,31877,29168
29403,31896,29174
29675,32196,29177
39072,42901,29178
29734,32279,29180
39418,43443,29181
29403,31868,29182
29675,32191,29183
29734,32346,29184
29403,31892,29186
29403,31902,29187
29734,32467,29191
29403,31850,29193
29403,31872,29194
29675,32190,29196
29734,32377,29198
29675,32192,29199
39072,42885,29201
29831,32683,29202
29403,31904,29204
29734,32385,29205
29734,32277,29206
29403,31903,29207
29403,31879,29208
29403,31878,29209
29734,32476,29210
39418,43715,29213
29403,31890,29214
29403,31889,29217
29734,32451,29219
39072,42892,29221
29403,31859,29222
29675,32193,29223
29734,32453,29224
29403,31900,29230
39072,42894,29232
29734,32435,29235
29237,31682,29236
29734,32410,29236
29734,32289,29237
29403,31875,29238
29403,31871,29240
29403,31860,29243
39418,43427,29249
29403,31857,29250
29403,31885,29252
39418,43626,29254
29752,32597,29255
29403,31851,29258
29403,31864,29259
39072,42944,29263
29403,31905,29265
29403,31888,29266
29734,32468,29267
29403,31874,29274
29403,31883,29277
29675,32194,29278
39418,43699,29279
29405,31913,29281
29734,32427,29282
39418,43660,29284
29734,32477,29287
39418,43461,29290
39418,43595,29295
29403,31862,29297
39072,42928,29298
29734,32291,29299
29734,32513,29302
29734,32376,29308
29675,32195,29310
29752,32598,29314
29734,32401,29315
29403,31876,29317
29403,31856,29318
39418,43410,29321
29734,32275,29322
29403,31865,29323
29734,32273,29325
29734,32274,29330
29734,32572,29334
29403,31858,29335
39418,43435,29339
29734,32546,29343
29403,31908,29346
39418,43571,29347
39072,42910,29357
39418,43686,29360
29734,32500,29366
29734,32549,29370
39418,43643,29375
29734,32340,29377
39072,42936,29380
39418,43602,29382
29734,32542,29400
29752,32603,29403
29752,32599,29405
29734,32433,29407
29734,32325,29410
29734,32392,29412
29734,32488,29429
29734,32442,29430
29734,32335,29435
29734,32538,29438
29752,32602,29439
29734,32398,29441
29734,32354,29451
29734,32557,29452
29734,32295,29458
29734,32269,29466
29734,32525,29477
29734,32504,29479
29734,32299,29481
29734,32533,29483
29752,32600,29489
29734,32388,29496
29734,32547,29504
29734,32552,29519
29854,32719,29537
29734,32315,29538
29854,32722,29541
29734,32480,29545
29854,32718,29549
29854,32723,29551
29854,32716,29555
29854,32709,29568
39072,42905,29571
29854,32715,29582
29854,32714,29583
29854,32713,29605
29854,32712,29612
29854,32720,29617
29854,32710,29620
29854,32711,29622
29854,32721,29623
29734,32259,29624
29734,32304,29626
29752,32601,29640
29854,32717,29645
29734,32400,29648
29734,32314,29651
29854,32707,29652
33009,35940,29657
33009,35922,29660
33009,35936,29661
33009,35903,29667
33009,35967,29668
29675,32197,29674
33009,35956,29698
29854,32708,29702
33009,35946,29718
33009,35921,29723
29657,32170,29734
40446,45678,29734
33009,35968,29738
33009,35899,29752
39072,42935,29758
33009,35912,29771
33009,35965,29775
39072,42924,29781
33009,35941,29791
33009,35909,29796
33009,35925,29812
33009,35928,29821
33009,35951,29823
30394,33274,29831
34505,37693,29831
33009,35944,29835
33009,35975,29838
33009,35950,29843
33009,35926,29851
33009,35908,29853
33009,35923,29854
33009,35953,29857
33009,35963,29879
33009,35942,29909
33009,35932,29912
30051,32921,29920
33009,35949,29922
33009,35902,29926
33009,35957,29929
33009,35937,29930
33009,35914,29931
33009,35904,29940
39438,44208,29955
39072,42919,29957
39438,44060,29968
33009,35972,29989
33009,35971,29990
33009,35964,29995
33009,35974,30002
33009,35934,30006
39438,44338,30008
39438,43872,30014
33009,35913,30020
33009,35943,30031
39438,44246,30034
40564,45827,30037
33009,35959,30048
30133,33012,30051
39438,44192,30061
33009,35976,30068
33009,35901,30081
33009,35900,30082
39438,43823,30084
33009,35924,30088
39438,43853,30089
39438,44064,30107
33009,35905,30114
39438,44040,30115
33009,35920,30117
33009,35969,30119
33009,35911,30122
33009,35929,30124
39438,44370,30126
39438,44318,30128
33009,35948,30129
30740,33621,30134
33009,35930,30136
33009,35939,30138
39438,44385,30140
39438,44320,30142
33009,35973,30144
39438,44284,30151
39438,44237,30163
33009,35906,30179
39438,43874,30181
39438,44101,30190
33009,35927,30220
33009,35916,30224
39438,43882,30243
39438,43809,30250
39438,44281,30264
39438,44171,30273
39438,43940,30319
39438,44096,30322
39438,44209,30325
39438,43939,30326
39438,44263,30331
33009,35945,30333
39438,44330,30349
39438,44387,30362
39438,44048,30370
33009,35918,30377
33009,35977,30397
33009,35935,30409
33009,35917,30411
39438,43943,30414
33009,35915,30420
39438,44022,30422
33009,35960,30431
39438,44076,30447
39438,44156,30454
33009,35954,30456
39438,44068,30457
39438,44145,30458
39438,44339,30466
39438,44107,30476
39438,44331,30477
39438,44354,30493
39438,43867,30512
33009,35961,30526
39438,44006,30534
39438,44157,30536
33009,35931,30549
33009,35907,30570
37290,40698,30571
39438,44292,30573
39438,44117,30579
31821,34707,30580
33009,35947,30584
39438,44014,30594
33009,35955,30613
39438,43911,30615
39438,43877,30616
39438,44230,30621
33009,35910,30623
33009,35919,30629
33009,35952,30630
33009,35938,30631
33009,35970,30635
33009,35962,30639
39438,43947,30640
39438,44020,30643
39438,44369,30647
39438,44025,30657
33009,35958,30661
33009,35933,30667
33009,35966,30668
39438,43921,30675
39438,43848,30676
39438,43828,30685
39438,44065,30693
31821,34704,30697
39438,44290,30717
39438,44356,30719
39438,43983,30737
37290,40697,30740
39438,43963,30747
39438,44018,30752
37290,40696,30754
39438,43952,30768
37290,40699,30772
39438,43892,30777
39438,44353,30786
39438,43800,30798
39438,44213,30801
31821,34705,30810
39438,43914,30811
39438,44346,30814
39438,44349,30820
39438,43808,30821
39438,44140,30835
39438,44245,30840
39438,43950,30878
39438,43948,30891
31821,34706,30920
39438,43949,30921
39438,43912,30947
39438,44333,30953
39438,44141,30954
39438,44180,30956
39438,44242,30969
39438,44341,30991
39438,44077,30997
39438,44220,31009
38376,42096,31036
39438,44365,31049
37290,40700,31062
39438,43798,31069
39438,44195,31083
37290,40695,31098
39438,43898,31099
39438,44009,31102
39438,44368,31129
39438,44207,31172
39438,44181,31187
39438,43852,31195
39438,44017,31200
39438,44197,31201
39438,44360,31242
39438,43849,31260
39438,44002,31268
39438,44129,31269
39438,43844,31274
39438,44091,31302
39438,44377,31306
39438,44373,31326
39438,43886,31329
39438,44111,31334
39438,44133,31339
39438,43814,31348
39438,43827,31350
39438,43804,31359
39438,44163,31366
39438,43974,31374
39438,43854,31382
39760,44735,31385
39438,43819,31387
39438,44113,31403
39438,44276,31405
39438,44095,31407
39438,44099,31433
39438,43945,31437
39438,44033,31454
39438,43794,31470
39438,44066,31476
39438,43879,31486
39438,44050,31488
39438,43824,31489
39438,43793,31492
39438,43971,31505
39438,44227,31518
39438,44364,31528
39438,44188,31534
39438,43904,31536
39438,44329,31541
31821,34708,31545
39438,44134,31558
39438,43896,31562
39438,44026,31587
39438,43924,31626
39438,44357,31642
39438,43999,31644
39438,44069,31648
39438,44266,31655
39438,44352,31671
39438,44366,31684
39438,44289,31743
39438,44127,31756
39438,43993,31758
39438,43902,31762
39438,43981,31784
39438,44164,31788
39438,44194,31791
39438,44269,31799
39438,43821,31809
39438,44203,31811
39438,44223,31813
39438,44210,31817
34706,37902,31822
39438,44054,31833
39438,44001,31834
39438,44241,31840
39438,43960,31855
39438,43923,31885
39438,44119,31896
39438,43917,31904
39438,44114,31922
34706,37900,31941
39438,44345,31943
39438,43831,31955
39438,44072,31956
39438,43834,31977
39438,44010,31979
39438,43825,31993
34706,37901,31998
39438,44308,32002
39438,44202,32003
39438,44381,32011
39438,44261,32036
39438,43936,32037
39438,43953,32090
39438,44013,32104
39438,44053,32108
39438,44124,32145
34706,37903,32146
39438,44322,32148
39438,44135,32162
34706,37904,32170
39438,43818,32171
38376,42043,32173
38376,42127,32174
39438,43792,32177
39438,44305,32184
38376,41929,32185
38376,41948,32186
39438,44177,32196
39438,44296,32197
34377,37501,32198
39438,43961,32202
38376,41906,32206
39438,44092,32214
34706,37897,32226
38376,42135,32236
38376,42086,32241
39438,44386,32243
34377,37413,32249
39438,44235,32253
38376,42030,32255
39438,43899,32257
38376,42040,32278
38376,42101,32281
39438,44132,32291
39438,44319,32293
38376,42009,32296
39438,44139,32312
39438,43997,32324
34377,37470,32333
32637,35526,32341
39438,43858,32352
39438,44182,32368
39438,43857,32370
39438,44328,32372
34706,37899,32379
39438,44063,32380
38376,41992,32381
39438,43900,32403
40129,45238,32419
39438,43845,32425
32585,35473,32429
39438,44179,32438
39438,44032,32442
39438,44355,32454
34377,37539,32455
39438,44086,32472
39438,44301,32491
34377,37426,32497
39438,44043,32505
34377,37425,32506
39438,43832,32514
39438,44313,32533
39438,44126,32556
39438,44324,32559
39438,44282,32560
39438,43996,32569
34377,37427,32579
34377,37428,32581
39438,44051,32592
39438,44138,32594
39438,43843,32607
39438,43788,32616
38376,42015,32637
39438,44270,32654
39438,44275,32660
39438,43861,32701
39438,43890,32705
39438,43919,32721
39438,43868,32727
39438,43951,32734
34377,37540,32735
39438,43875,32738
39438,44298,32742
34377,37541,32743
39438,44211,32747
39438,43957,32752
39438,43870,32767
34377,37543,32773
34377,37429,32793
39438,44287,32801
39438,44143,32806
39438,44257,32817
34377,37542,32818
39438,44359,32822
39438,43929,32825
39438,43956,32851
39438,44047,32856
39438,44347,32863
39438,43916,32866
34377,37544,32867
39438,44226,32870
39438,44080,32897
39438,43830,32902
34377,37430,32907
34377,37545,32909
34377,37546,32913
39251,43182,32948
39438,44340,32949
39438,44105,32960
39438,44325,33000
39438,44012,33002
39438,44081,33013
39438,44299,33014
39438,44016,33017
38376,41978,33037
34377,37548,33039
39438,44249,33049
39438,43962,33050
34377,37547,33051
34377,37549,33054
39438,44167,33060
34377,37431,33062
38376,42115,33063
39438,44042,33069
39438,43935,33070
38376,41976,33080
40444,45675,33100
39438,44085,33112
39438,43913,33129
38376,41995,33137
39438,44382,33150
39438,44045,33152
39438,44058,33172
38376,41981,33175
38376,41967,33243
34377,37432,33244
38376,42091,33246
38376,41935,33256
34377,37551,33258
38376,42048,33279
38376,41914,33280
38376,42045,33281
34377,37550,33305
38376,42062,33308
38376,42100,33309
38376,41916,33319
38376,42064,33320
38376,41983,33333
38376,42134,33377
38376,41942,33386
38376,42128,33392
38376,42070,33393
40129,45228,33395
38376,42073,33404
38376,42119,33416
34377,37552,33417
38376,41907,33431
38376,41996,33478
38376,41924,33533
38376,42059,33554
38376,42033,33566
34377,37554,33567
34377,37556,33570
34377,37553,33573
38376,41900,33576
34377,37433,33586
34377,37555,33601
34377,37435,33611
38376,41974,33623
34377,37434,33670
38376,42106,33671
34377,37436,33680
38376,42020,33691
34377,37438,33696
38376,41941,33706
34377,37437,33734
38376,42051,33742
39072,42896,33758
39072,42937,33773
39072,42930,33774
38376,41944,33786
34377,37439,33847
34377,37557,33853
34377,37559,33938
34377,37440,33962
34377,37558,33995
34377,37441,34059
34377,37560,34065
34377,37561,34070
34377,37442,34086
34377,37562,34133
39072,42918,34141
34377,37443,34146
34377,37444,34180
39438,44174,34192
34377,37446,34196
34377,37563,34201
34377,37447,34202
39438,43884,34207
35025,38230,34215
34377,37448,34218
39438,44170,34223
35025,38229,34228
34377,37449,34249
39438,43978,34250
39438,44153,34251
40564,45828,34257
34870,38069,34267
39438,44008,34273
34870,38070,34276
34377,37445,34281
35025,38231,34285
39438,44288,34288
39438,43833,34293
34870,38071,34296
34870,38072,34303
39438,43976,34308
39438,43959,34316
39438,44332,34319
35025,38232,34330
39438,43925,34335
39438,43829,34336
39438,44273,34340
39438,44250,34356
39438,44154,34367
38376,41969,34368
35025,38233,34375
34377,37564,34377
34870,38073,34377
39438,44335,34402
39438,44075,34403
39438,43803,34406
39438,44225,34419
39438,43979,34440
38376,41923,34441
39438,43880,34452
39438,44158,34486
39438,43970,34491
35025,38234,34505
39438,44243,34505
39438,44260,34519
39438,43895,34532
39438,43862,34533
39438,44130,34537
39438,44303,34539
38376,42107,34561
39438,43885,34566
34706,37898,34569
39438,43986,34570
39438,44108,34573
39072,42927,34574
39438,44149,34575
34609,37799,34587
39438,43944,34587
39438,44189,34592
39438,44061,34596
38376,41902,34608
35227,38437,34614
39438,43968,34618
38206,41692,34622
39438,43873,34641
39438,43796,34658
39072,42941,34661
39438,44216,34671
39438,44272,34689
39438,44098,34704
38376,42011,34723
38376,42113,34738
39438,44302,34739
38376,41953,34759
39438,44071,34761
38376,42093,34769
38376,41958,34776
39438,44147,34779
38376,42125,34783
39438,43838,34795
38376,41936,34798
38376,41979,34801
39438,44004,34802
39438,44372,34804
39438,43980,34809
38376,41970,34812
39072,42890,34816
38376,42013,34822
39438,43990,34824
38376,42044,34844
39438,44200,34845
39438,44031,34846
39072,42925,34847
39438,43958,34848
38376,42025,34850
39438,44142,34852
39438,44304,34859
39438,43969,34868
39438,44059,34869
40129,45237,34870
38376,41921,34871
38376,42094,34876
40129,45226,34887
38376,42130,34894
39438,43864,34895
39418,43483,34896
39438,44248,34901
38376,41984,34902
38376,42017,34906
39438,43859,34907
39438,44106,34908
39438,43817,34913
38376,42117,34921
38376,42056,34929
38376,42023,34931
39438,43887,34933
39438,43934,34943
39438,44264,34946
38376,42054,34947
39438,44316,34951
39418,43516,34958
39438,44317,34967
39418,43593,34984
39438,43822,34988
38376,42052,35000
38376,42078,35004
38376,41901,35009
39438,44297,35013
38376,42061,35020
38376,41945,35023
38376,42103,35027
39418,43567,35030
39438,43805,35035
38376,42080,35037
39438,44079,35045
38376,41972,35049
39438,44196,35063
39418,43432,35067
39438,43850,35070
39438,43865,35077
39438,44137,35078
39438,43815,35090
38376,42022,35094
38376,42057,35096
39438,43987,35098
38376,41960,35099
38376,42098,35101
39438,43799,35108
39438,44019,35109
38376,41988,35113
39438,43918,35116
38376,41949,35126
39438,44278,35129
38376,41951,35140
38376,42032,35143
39438,43998,35151
39418,43446,35153
38376,42126,35154
38376,42003,35157
39418,43703,35160
39418,43362,35169
39418,43537,35171
39438,44214,35176
39438,43922,35178
39438,44125,35179
36960,40318,35180
38376,41932,35187
39438,44201,35197
38376,42002,35202
39438,44265,35204
39438,43964,35209
38376,41998,35213
39438,43855,35215
38376,41903,35217
38376,41965,35221
38376,41977,35224
38376,42108,35228
39438,43985,35230
38376,42132,35237
39438,44244,35239
39438,43836,35244
38376,42069,35253
38376,41990,35260
38376,42087,35261
38376,42012,35264
39418,43415,35267
39418,43431,35270
38376,42026,35271
39438,44274,35272
39438,44315,35291
39438,44037,35296
38376,42005,35309
38376,42016,35323
39438,43965,35332
38376,42067,35339
39418,43412,35342
39438,43994,35345
39438,44342,35350
39418,43697,35353
39438,44082,35354
38376,42120,35362
39418,43654,35371
39438,44221,35376
39418,43500,35380
39418,43381,35381
38376,42038,35382
38376,42129,35387
39438,43866,35393
39418,43434,35411
38376,41938,35412
39438,44151,35420
38376,41955,35422
39438,44231,35424
39438,43847,35429
39418,43379,35430
38376,42095,35436
38376,41950,35437
38376,42021,35438
39438,43851,35440
38376,41975,35445
39438,44028,35451
35662,38879,35454
39438,43955,35463
40129,45234,35465
38376,42121,35468
39438,44258,35469
39418,43423,35476
39438,44057,35477
39438,44116,35478
36271,39531,35480
39418,43691,35482
35697,38922,35492
38376,42122,35493
36271,39560,35495
39418,43690,35505
39418,43447,35506
36271,39546,35512
38376,42082,35519
39418,43494,35520
38376,41956,35524
38376,41993,35525
36271,39548,35528
38376,42090,35529
39438,44306,35536
38376,42006,35538
39418,43390,35539
35697,38923,35541
39418,43572,35544
39418,43576,35549
35827,39059,35552
39438,44309,35554
39418,43384,35555
35697,38921,35557
39438,44383,35562
38376,42004,35563
36271,39535,35564
39438,44062,35565
36271,39542,35575
36271,39536,35576
36271,39541,35577
39438,43795,35582
38376,41980,35584
36271,39557,35587
39418,43644,35592
39438,44312,35603
39418,43663,35612
39438,44314,35614
36271,39529,35616
35617,38829,35617
35617,38830,35617
35617,38831,35617
35617,38832,35617
35696,38915,35617
35696,38916,35617
35696,38917,35617
35696,38918,35617
35696,38919,35617
35697,38924,35617
39438,44215,35618
39418,43441,35621
39438,43995,35626
36271,39539,35627
39438,43920,35628
35827,39060,35630
39438,44217,35639
38376,41946,35642
35773,39002,35643
39438,44087,35644
38376,41931,35647
39418,43372,35652
36271,39530,35659
35617,38828,35662
35696,38914,35662
36271,39544,35664
36266,39518,35665
39438,44093,35669
39438,44172,35673
35815,39046,35681
36271,39532,35682
39438,44307,35685
36271,39526,35690
38376,42112,35691
35697,38925,35696
35659,38875,35697
39438,44027,35702
38376,41961,35703
39438,44162,35705
38376,41928,35706
39438,44097,35707
38376,42071,35708
39438,44337,35712
36271,39524,35713
35773,39003,35718
39438,44254,35719
36271,39545,35721
39072,42948,35723
38376,41985,35724
39438,43907,35727
39438,44234,35729
39072,42917,35731
36266,39506,35737
36266,39514,35738
39438,44175,35742
36266,39509,35744
39438,44178,35746
39438,43797,35749
38376,41917,35764
36266,39507,35766
36271,39537,35768
36271,39527,35770
36271,39540,35773
39438,44165,35774
38376,41964,35779
39438,44136,35786
39438,44228,35787
38376,42053,35788
36266,39511,35789
36266,39513,35791
39438,44034,35797
36266,39516,35798
39418,43705,35801
36054,39288,35815
36266,39505,35819
39438,44000,35824
36271,39533,35827
39072,42932,35827
39438,44046,35836
39438,44379,35838
38376,42083,35843
36271,39559,35844
38376,42116,35859
38376,41939,35865
39072,42906,35880
36271,39534,35888
36271,39561,35890
36266,39512,35894
36271,39525,35898
36266,39515,35902
36078,39314,35904
38376,42109,35908
38376,42050,35909
36271,39547,35911
36271,39558,35914
39072,42946,35915
36271,39543,35922
36271,39538,35935
36266,39517,35948
39418,43731,35951
39418,43530,35953
36266,39510,35954
36271,39550,35965
39072,42940,35972
38376,42001,35973
36271,39528,35977
36271,39551,35981
36266,39508,35984
36271,39552,35986
39072,42900,35987
36271,39549,35998
38376,41909,36000
38376,42028,36003
36271,39553,36004
39418,43688,36007
38376,42039,36008
38376,42110,36010
38376,41994,36021
38376,42089,36024
36271,39554,36030
38376,42075,36043
36271,39555,36051
38376,42035,36052
38376,41957,36053
36054,39289,36054
36497,39800,36054
36497,39801,36054
36271,39556,36078
36271,39562,36088
36209,39446,36093
36271,39564,36098
36271,39565,36101
38376,42049,36107
38376,42068,36125
36271,39566,36129
36271,39567,36134
36271,39568,36139
38376,41905,36145
38376,41910,36152
36271,39563,36153
38376,42105,36158
38376,41963,36160
39418,43388,36172
38376,41986,36176
39418,43656,36182
38376,42065,36186
38376,41908,36188
36497,39804,36191
38376,41999,36193
37260,40646,36194
40129,45224,36205
36497,39806,36206
36209,39447,36209
36375,39673,36209
40564,45824,36210
39438,44384,36211
39438,44052,36214
39438,44277,36218
39438,44155,36221
36497,39802,36231
39418,43558,36234
39438,44044,36258
39418,43641,36265
37260,40638,36268
37260,40655,36269
38376,41922,36271
39438,44084,36274
36497,39799,36276
39438,44362,36282
40129,45223,36288
38376,41947,36292
36497,39808,36295
39418,43582,36300
39418,43534,36304
36497,39805,36306
36497,39807,36308
40129,45225,36310
39438,43975,36313
36497,39811,36324
36497,39812,36325
39438,44336,36327
39418,43649,36328
37260,40648,36329
37260,40637,36330
37260,40643,36334
39438,43954,36336
39438,43992,36339
36497,39809,36343
39438,43883,36355
39438,44267,36361
39438,43826,36364
39438,44271,36372
38376,42079,36373
36375,39674,36375
36507,39823,36375
38376,42133,36375
36492,39792,36376
39438,44236,36381
39438,43946,36384
39438,43860,36385
38376,42037,36388
39418,43439,36393
39438,44185,36396
36492,39793,36399
39438,43984,36402
39418,43702,36404
39438,43876,36405
38376,41937,36408
39438,44005,36411
39418,43562,36418
39418,43395,36420
39438,44350,36421
36497,39803,36425
39418,43369,36426
39418,43598,36429
36793,40117,36437
36793,40128,36439
36793,40118,36443
37260,40653,36453
38376,42055,36454
40564,45826,36455
39418,43506,36462
36618,39935,36464
36618,39937,36465
36793,40119,36468
38376,42010,36471
37260,40651,36482
38376,42118,36486
38376,42014,36489
38376,42081,36494
37260,40641,36496
36497,39810,36497
40105,45187,36497
36618,39936,36498
37260,40640,36499
38376,42007,36505
36793,40120,36506
38376,42041,36509
38376,41911,36511
38376,42027,36513
38376,41915,36517
36793,40122,36520
39438,44152,36521
38376,41918,36522
38376,42099,36526
39438,43988,36529
36618,39938,36531
38376,42042,36532
39438,44049,36533
39438,44348,36534
37260,40645,36536
36793,40124,36544
36793,40116,36550
36793,40121,36552
38376,41962,36553
36793,40126,36559
36793,40127,36567
36793,40129,36572
39438,43991,36577
38376,41954,36579
39438,43905,36580
38376,42131,36582
36882,40221,36583
37260,40642,36589
36882,40222,36592
39438,44184,36594
39438,44148,36602
39438,44224,36603
36793,40123,36606
36882,40223,36607
37260,40652,36609
36882,40224,36612
39438,44351,36614
36793,40131,36623
36793,40125,36625
38376,42084,36631
36882,40225,36636
39438,43932,36638
36882,40226,36651
36793,40130,36653
39438,44212,36654
39438,44161,36656
40129,45232,36658
36882,40229,36662
36882,40227,36677
39438,43801,36678
36882,40232,36683
36882,40233,36685
38376,41920,36686
36882,40234,36689
36773,40095,36694
38376,41966,36696
38376,41933,36698
36882,40235,36699
39438,43810,36700
36773,40094,36707
37270,40669,36708
36882,40237,36709
36882,40239,36716
37260,40650,36717
39438,44160,36721
37058,40421,36724
36882,40228,36729
39438,44173,36732
36882,40230,36738
39438,44259,36740
38376,41925,36743
39438,44100,36746
36882,40231,36750
39438,43881,36765
39438,43931,36786
39438,43878,36788
36882,40236,36792
36882,40238,36798
38376,41982,36801
38376,41991,36804
38376,42031,36809
37058,40424,36812
37534,40969,36813
37058,40422,36818
37534,40968,36819
38376,41968,36821
38376,42074,36826
39438,44222,36827
40129,45222,36832
38376,42072,36833
39418,43510,36834
40129,45227,36838
37270,40668,36843
37058,40423,36850
37058,40420,36851
39438,44089,36853
40129,45229,36854
37260,40656,36855
37058,40418,36859
37058,40426,36865
37534,40970,36866
37260,40644,36869
37058,40417,36872
39438,44380,36881
37086,40460,36884
39072,42951,36885
38376,42114,36886
39418,43409,36889
39438,44343,36891
37086,40456,36894
39438,43871,36895
37086,40457,36897
37260,40649,36900
39438,44150,36901
39438,43966,36905
38376,41989,36912
38376,41940,36913
37086,40459,36914
39438,44190,36917
37270,40674,36918
39438,44056,36920
37058,40419,36924
39438,43888,36926
37260,40647,36929
38376,42019,36930
40129,45221,36937
37270,40671,36938
37086,40455,36939
37058,40425,36943
37270,40667,36945
38376,42085,36950
38995,42795,36954
37086,40458,36956
38376,41971,36963
37088,40464,36967
39438,44199,36968
39438,43982,36969
39438,44294,36974
37088,40463,36977
37270,40672,36980
37474,40889,36983
38376,42046,36988
37270,40670,36992
39438,44029,36997
38376,42008,37004
39438,43863,37007
39438,44021,37017
37260,40654,37018
37474,40890,37023
38376,42029,37025
39438,44193,37035
39438,44251,37038
37270,40673,37057
39438,43915,37061
38376,42124,37064
38376,41912,37066
38376,41913,37070
37474,40892,37072
39438,44371,37108
39438,43856,37118
38376,42000,37123
39438,43977,37126
37260,40639,37131
38376,42018,37132
37474,40891,37134
37474,40888,37136
39438,44238,37140
39418,43481,37143
39438,43930,37147
38376,42076,37151
39438,44268,37152
39438,44078,37153
39418,43548,37156
39438,44023,37157
37474,40893,37165
38376,42066,37167
37474,40894,37168
37474,40895,37179
39438,43839,37194
39418,43470,37195
39418,43502,37203
38376,42077,37207
39438,44262,37209
39418,43473,37211
37474,40896,37215
39418,43533,37235
39438,43789,37237
38376,42111,37238
39438,44218,37241
39418,43354,37243
40564,45829,37252
37474,40897,37256
39438,44183,37259
39438,43802,37260
39438,44169,37263
39438,44279,37273
39072,42912,37281
37396,40809,37285
37396,40807,37290
37396,40808,37290
39438,44159,37292
37474,40899,37300
37474,40901,37305
39418,43356,37309
37474,40902,37312
38376,41959,37318
37762,41211,37320
38376,42060,37329
39438,43933,37343
38376,41943,37348
38376,41919,37349
37762,41212,37350
40630,45946,37354
38376,42092,37355
39438,44280,37356
37474,40898,37357
39418,43359,37358
37474,40900,37364
38376,41973,37372
39438,44205,37376
38376,42034,37379
37502,40933,37380
39251,43181,37384
39438,44038,37386
39438,43791,37387
39438,44283,37388
37642,41087,37391
38376,42058,37392
37642,41084,37393
39438,44067,37394
37488,40917,37396
39438,44247,37398
37642,41086,37402
37762,41215,37403
39438,44131,37406
39438,44252,37409
39438,44055,37416
37762,41213,37418
39438,44219,37419
37642,41088,37425
39438,44039,37428
38376,42097,37435
39438,44090,37436
38376,41904,37439
37642,41085,37447
39418,43708,37450
37762,41214,37459
39072,42931,37462
39418,43614,37467
39438,44376,37469
39438,43972,37470
39418,43684,37473
39418,43661,37475
37762,41218,37480
37548,40985,37488
37550,40988,37488
39418,43497,37493
37762,41216,37494
38376,42088,37496
37762,41220,37500
37666,41113,37502
39438,43813,37510
39438,44070,37511
38376,41930,37512
37762,41221,37517
37762,41222,37518
39438,43927,37522
39438,44003,37523
40933,46293,37524
38541,42316,37531
37762,41223,37533
39072,42909,37537
37550,40989,37548
37562,41002,37548
37762,41224,37549
37502,40932,37550
37502,40934,37550
37562,41003,37550
38376,41927,37550
38541,42310,37553
37993,41467,37554
37762,41225,37557
37502,40935,37562
37762,41217,37569
37762,41219,37571
39072,42884,37574
37762,41226,37577
37993,41468,37578
38541,42317,37579
37993,41465,37583
39418,43560,37584
39251,43183,37585
37993,41466,37586
38541,42308,37589
39438,44240,37590
39438,44327,37592
40933,46285,37594
38376,41926,37595
38541,42315,37601
39418,43710,37605
39438,43967,37608
38376,41997,37611
38376,42063,37613
37762,41229,37616
37762,41230,37618
38541,42309,37624
37762,41231,37626
39438,44094,37630
39438,43846,37635
37762,41227,37636
37762,41228,37638
39438,43908,37640
39418,43575,37641
37666,41114,37642
38541,42313,37648
38541,42306,37650
39438,44088,37654
39418,43417,37656
39438,44024,37657
38376,42047,37661
38180,41656,37664
38541,42311,37666
40129,45235,37674
38302,41790,37679
39072,42953,37681
38180,41658,37688
39438,44115,37689
37993,41464,37692
38302,41792,37693
39438,43928,37695
39438,44073,37699
37993,41463,37700
39438,44074,37705
39438,44310,37710
38302,41793,37713
39438,44293,37714
38302,41794,37717
40933,46286,37719
38302,41795,37720
39438,44041,37729
38302,41796,37730
38541,42314,37733
38302,41797,37738
39438,43910,37744
38302,41791,37751
39438,44321,37754
39438,44375,37755
39418,43698,37759
39438,44311,37761
39418,43606,37762
38302,41813,37769
39438,43989,37770
39418,43545,37772
38302,41815,37779
39438,44363,37784
38541,42312,37789
38302,41816,37800
38541,42307,37802
38376,42036,37805
39438,44120,37807
38302,41817,37811
39418,43570,37812
38376,42104,37824
39418,43610,37825
40933,46287,37826
39418,43709,37835
38376,41952,37840
39438,44121,37842
38302,41814,37845
39418,43507,37859
39438,43841,37870
39418,43544,37874
39438,43842,37876
38302,41818,37877
39438,44285,37883
39438,43909,37889
38302,41820,37899
39418,43387,37905
39438,44256,37907
38302,41821,37910
39438,44232,37912
39438,43869,37917
39418,43499,37921
39438,44253,37922
38302,41798,37925
39438,44291,37928
38302,41799,37929
38302,41819,37939
39438,44007,37963
39438,44123,37973
38302,41801,37980
38376,41934,37983
39418,43581,37988
39438,44112,37995
38376,42102,38001
39438,43811,38002
38180,41657,38008
38376,42123,38017
39418,43520,38019
38376,42024,38022
38302,41802,38023
38302,41803,38025
39438,43889,38027
39438,43820,38030
39418,43380,38043
38302,41800,38046
38376,41987,38048
39438,43926,38052
38180,41659,38057
38200,41685,38061
38200,41684,38063
38302,41804,38065
38302,41805,38066
39438,43938,38068
39438,43942,38071
39418,43437,38075
39438,44036,38076
38302,41809,38079
38353,41876,38095
38180,41660,38096
38302,41806,38105
38302,41810,38112
39438,43893,38114
38353,41874,38115
38302,41807,38121
38302,41808,38128
40564,45825,38132
38353,41873,38134
38302,41812,38143
39418,43367,38152
39072,42952,38153
38469,42231,38164
39765,44742,38168
38376,42137,38171
40933,46292,38173
39438,44367,38174
39418,43678,38176
39438,44295,38178
39438,43840,38181
38868,42663,38204
38215,41702,38206
39765,44741,38214
40591,45903,38215
38469,42233,38225
40933,46290,38227
39765,44745,38238
39438,44229,38240
38376,42136,38249
40129,45275,38255
39765,44743,38263
39438,43973,38264
38469,42232,38268
40129,45231,38275
38790,42577,38278
40933,46291,38282
40129,45241,38284
39418,43564,38293
39765,44744,38299
39418,43392,38301
38302,41811,38303
40933,46288,38310
39418,43414,38323
39438,44103,38328
39438,44334,38331
39765,44747,38332
38790,42575,38339
39438,44083,38341
38790,42578,38347
38353,41875,38353
39438,44378,38353
39438,44015,38356
39765,44748,38358
38790,42569,38359
39765,44746,38367
39438,44122,38371
39438,44030,38374
38790,42579,38382
38790,42574,38383
39765,44749,38386
38790,42583,38387
39438,44035,38388
39418,43389,38390
39438,44011,38394
40933,46289,38397
38790,42573,38404
39438,44104,38406
38790,42570,38408
38790,42582,38413
39418,43542,38415
39418,43472,38416
38790,42572,38420
40129,45264,38421
38790,42576,38423
39438,43906,38440
39134,43053,38441
39438,44286,38449
39134,43050,38450
38718,42495,38452
39438,43903,38453
40129,45265,38459
40129,45276,38464
40129,45252,38466
39418,43590,38471
38790,42580,38473
38790,42571,38474
39765,44752,38477
40129,45262,38481
39438,43807,38485
38790,42581,38490
39438,44233,38493
39438,44326,38497
39765,44750,38503
39134,43048,38504
40129,45246,38508
38790,42584,38516
39438,44166,38518
40129,45274,38520
40129,45251,38526
39438,44110,38529
39765,44753,38535
39438,43837,38537
38718,42496,38540
39438,44128,38541
39807,44841,38541
39807,44842,38541
39807,44843,38541
39807,44844,38541
39807,44845,38541
39807,44846,38541
39807,44847,38541
39807,44849,38541
39807,44851,38541
39807,44852,38541
39807,44853,38541
39807,44854,38541
40933,46294,38543
39765,44751,38546
39438,43835,38551
40129,45255,38552
39765,44754,38561
39438,43891,38562
39134,43052,38572
39765,44755,38573
39002,42804,38575
39002,42803,38576
40129,45268,38588
40933,46284,38590
39418,43521,38592
39418,43408,38593
39765,44756,38605
39438,43806,38606
40129,45259,38616
40129,45242,38619
40129,45266,38621
39039,42847,38631
39438,43894,38633
39438,44146,38638
39418,43615,38653
39438,44176,38655
39438,44300,38656
39765,44759,38668
39765,44757,38671
39765,44760,38672
39654,44611,38674
39765,44761,38687
39081,42977,38691
39081,42968,38692
39081,42993,38693
39654,44619,38694
39081,42990,38705
38982,42780,38706
40129,45273,38707
39765,44762,38708
39134,43049,38709
39418,43720,38710
39002,42805,38713
39654,44622,38714
39418,43721,38720
39765,44758,38722
39423,43743,38723
39134,43051,38724
39438,44361,38730
39423,43739,38732
39765,44764,38736
39002,42806,38738
39081,42966,38740
39134,43054,38743
39081,42982,38750
39438,43937,38753
39765,44765,38758
39423,43770,38760
39438,43790,38762
39423,43758,38764
39423,43742,38765
39438,44358,38767
39081,42980,38768
39765,44766,38769
39438,43816,38771
39081,42986,38776
40129,45263,38780
39418,43723,38782
39423,43765,38785
39765,44763,38786
39423,43769,38792
39418,43719,38793
39081,42985,38794
39765,44767,38797
39423,43749,38801
39653,44608,38803
39081,42973,38804
39081,42983,38806
39081,42976,38808
39134,43047,38814
38982,42781,38815
39002,42807,38817
39081,42978,38823
39081,42992,38829
39134,43057,38833
40129,45267,38834
39081,42974,38837
39081,42969,38839
39081,42981,38841
40129,45258,38843
39654,44610,38846
39418,43722,38847
39423,43772,38849
39081,42972,38851
39072,42955,38854
39081,42989,38856
39765,44768,38858
40129,45236,38859
39423,43755,38861
39765,44771,38864
39438,44144,38865
39081,42971,38867
38873,42669,38868
39027,42833,38868
39027,42834,38873
39134,43059,38873
39081,42987,38875
39438,44323,38877
40129,45249,38880
39438,44374,38884
39134,43055,38885
39765,44769,38886
39081,42988,38887
39072,42954,38888
39438,44198,38890
40129,45240,38894
39081,42991,38897
39654,44621,38898
39134,43056,38899
39654,44615,38904
39423,43762,38906
39654,44614,38908
39765,44772,38909
39423,43768,38910
39765,44773,38912
39423,43751,38913
39765,44774,38916
39765,44770,38918
39072,42956,38922
39438,43897,38924
39081,42970,38926
39765,44775,38933
39409,43343,38934
39438,44168,38935
39081,42967,38936
39134,43058,38943
39418,43724,38955
39418,43725,38956
39423,43741,38964
39418,43726,38967
39081,42975,38968
39423,43744,38969
40129,45269,38972
39423,43750,38973
39654,44620,38974
39438,44191,38975
39907,44961,38979
39423,43754,38980
39765,44776,38981
40129,45254,38982
39423,43740,38984
39438,44118,38985
40129,45247,39000
39134,43060,39007
39423,43752,39008
39081,42984,39009
39423,43764,39011
39441,44393,39012
39164,43093,39013
39438,44109,39014
39081,42979,39015
39423,43757,39022
41674,47153,39026
39134,43061,39027
40129,45230,39032
39765,44777,39034
40129,45243,39037
38966,42763,39039
39423,43760,39039
39423,43761,39044
39438,44255,39045
39765,44778,39066
39423,43756,39073
39423,43753,39075
39423,43745,39079
39765,44780,39085
39438,43941,39089
40129,45250,39090
39441,44391,39096
40129,45257,39101
40129,45256,39103
39423,43767,39110
39765,44779,39114
39438,44239,39116
39765,44782,39117
39765,44783,39125
39134,43062,39134
40129,45245,39137
39423,43759,39139
39907,44962,39140
39423,43747,39143
39441,44392,39144
41674,47151,39156
39418,43727,39157
39907,44957,39163
39438,43812,39164
39438,44206,39166
39423,43766,39170
39765,44781,39192
39438,44102,39196
39423,43748,39202
39907,44976,39218
39907,44965,39219
39438,44204,39224
41674,47152,39225
40233,45407,39231
39423,43763,39234
39438,44344,39236
39423,43771,39237
39423,43746,39245
39765,44785,39246
39765,44786,39248
40129,45270,39251
39438,43901,39253
40233,45406,39254
39441,44395,39256
39765,44787,39260
39765,44788,39262
39438,44186,39265
39787,44819,39267
39765,44784,39269
39441,44394,39289
39907,44969,39291
40129,45272,39295
40564,45858,39298
40129,45271,39302
39907,44978,39308
39765,44789,39315
40564,45862,39319
39765,44790,39324
39654,44613,39325
40129,45261,39327
40233,45405,39328
39907,44968,39333
40564,45837,39339
40129,45260,39376
39907,44955,39381
39658,44627,39383
39654,44617,39387
39438,44187,39392
40564,45840,39397
39765,44791,39401
39907,44982,39404
39907,44956,39416
40919,46265,39418
39907,44973,39422
40233,45410,39436
39765,44792,39441
40233,45411,39442
39654,44618,39443
40564,45835,39445
39907,44970,39448
40129,45248,39462
40129,45239,39467
40129,45253,39470
40564,45839,39473
40129,45277,39474
39907,44986,39475
40564,45855,39481
39907,44963,39487
40564,45857,39489
39907,44972,39497
39907,44980,39499
39907,44958,39502
40564,45869,39503
39907,44974,39507
40564,45867,39510
40129,45293,39511
40129,45233,39515
39654,44612,39519
39658,44628,39520
40233,45408,39521
39765,44793,39525
39765,44794,39534
39907,44959,39537
39765,44795,39538
39765,44796,39542
40129,45286,39546
40129,45244,39552
40129,45289,39563
39907,44977,39573
39654,44616,39574
40105,45192,39577
40129,45288,39580
39752,44723,39584
40564,45866,39590
39787,44820,39593
39907,44987,39596
39907,44981,39602
40129,45280,39604
40129,45284,39610
39907,44983,39611
40564,45854,39613
40105,45193,39621
40564,45871,39628
40129,45285,39631
39907,44964,39637
39907,44984,39641
39907,44966,39642
40105,45194,39645
39907,44971,39646
41575,47035,39649
39807,44850,39653
39807,44848,39654
40105,45196,39654
40369,45590,39658
41575,47031,39661
40105,45188,39668
39907,44985,39670
39907,44979,39671
39907,44960,39676
39752,44724,39680
40129,45281,39687
40129,45290,39699
39907,44967,39702
40105,45195,39709
40564,45849,39714
40322,45540,39716
40233,45404,39723
41674,47155,39724
40129,45292,39728
41575,47022,39733
41077,46448,39736
40564,45851,39741
39752,44726,39752
40129,45291,39752
40564,45863,39754
40564,45836,39761
40564,45841,39767
40129,45282,39768
40564,45874,39769
40129,45278,39773
40233,45409,39795
39907,44988,39796
39907,44975,39803
39752,44725,39807
40564,45856,39808
40129,45283,39811
40288,45505,39812
40105,45190,39814
40369,45592,39833
40105,45189,39842
40233,45431,39850
40233,45430,39851
40129,45279,39852
40233,45422,39859
40233,45433,39860
40233,45429,39874
40129,45287,39877
40233,45420,39879
40233,45413,39885
40233,45423,39886
40233,45412,39887
40233,45432,39892
40564,45859,39908
41674,47154,39910
41575,47016,39911
40416,45643,39915
40233,45437,39917
40564,45844,39921
40564,45838,39922
40129,45295,39937
40105,45191,39938
40233,45435,39947
40369,45591,39950
40564,45864,39952
40699,46028,39956
40233,45414,39960
41575,47019,39963
40564,45861,39967
41575,47018,39972
40233,45424,39973
40233,45438,39975
40233,45426,39977
40233,45439,39979
40699,46029,39988
40564,45852,39989
41674,47157,39996
41674,47159,39998
40416,45644,40002
40233,45425,40007
40233,45440,40008
40699,46030,40009
40233,45418,40013
40233,45442,40014
40233,45441,40015
41575,47032,40023
40233,45419,40030
40129,45294,40033
40233,45416,40034
40233,45443,40035
40233,45434,40038
40564,45850,40042
40233,45415,40044
40564,45848,40049
40699,46032,40052
40564,45842,40053
40233,45428,40057
40233,45417,40068
40233,45421,40071
40233,45436,40076
40233,45445,40080
41696,47183,40083
41696,47184,40084
40699,46031,40094
40564,45847,40097
40233,45444,40100
40233,45427,40106
40416,45645,40107
40564,45831,40113
40564,45843,40119
40227,45396,40120
40212,45379,40129
40552,45790,40130
41575,47033,40132
40552,45799,40134
40699,46033,40140
40552,45800,40141
40699,46034,40145
40564,45870,40175
40564,45846,40189
40564,45834,40196
40483,45716,40199
40564,45832,40205
41575,47025,40206
40552,45788,40210
40213,45381,40212
40238,45453,40212
40238,45451,40213
40564,45872,40214
40564,45865,40217
40416,45646,40219
40552,45804,40221
40228,45398,40227
40238,45454,40227
40552,45798,40227
40238,45452,40228
40564,45873,40230
40385,45611,40231
41696,47185,40234
40879,46222,40238
40552,45801,40242
40564,45860,40244
40385,45610,40249
40564,45875,40251
40552,45796,40252
40322,45541,40259
40552,45791,40266
40564,45833,40270
41575,47015,40275
40564,45853,40285
40369,45593,40288
40552,45794,40289
40552,45793,40290
40552,45787,40292
40552,45808,40299
40552,45792,40310
40552,45797,40319
40322,45542,40322
40552,45795,40324
40552,45806,40330
40591,45905,40336
40552,45789,40341
40564,45845,40343
40564,45830,40349
40552,45809,40353
40552,45810,40354
40552,45786,40360
40933,46298,40363
40591,45904,40364
40564,45868,40369
40552,45805,40372
41575,47029,40375
40552,45811,40379
40552,45803,40383
41674,47156,40385
40591,45906,40391
40699,46035,40401
40552,45807,40410
41575,47020,40416
41583,47059,40439
40552,45802,40441
41575,47021,40450
41583,47052,40457
40746,46085,40459
41696,47182,40480
40720,46058,40483
40746,46086,40489
41583,47058,40496
41575,47034,40523
40932,46280,40534
40772,46113,40535
41575,47028,40543
41556,46995,40544
40932,46282,40546
41696,47186,40552
40772,46114,40561
40699,46036,40571
41556,46994,40586
40688,46016,40591
41674,47158,40608
41583,47055,40619
40933,46296,40623
40893,46237,40630
41583,47045,40632
40932,46281,40692
41575,47017,40723
41575,47030,40730
40932,46279,40737
41032,46401,40751
41583,47051,40762
41575,47023,40775
41583,47054,40778
41583,47057,40790
41583,47048,40791
40933,46297,40792
41553,46987,40820
41583,47047,40840
41553,46988,40847
41032,46400,40858
40893,46238,40893
40982,46349,40893
41575,47027,40901
41556,46993,40916
40933,46295,40919
41032,46402,40919
41583,47053,40923
40933,46299,40933
41575,47024,40948
41575,47026,40975
41583,47046,41006
41583,47049,41022
41583,47056,41029
41553,46989,41045
41575,47036,41077
41583,47050,41083
